[92m
=== Ход 1 (P1) ===[0m
[92m[DEBUG] P1 старт хода: hand=['Strike', 'Prayer', 'Prayer', 'Prayer', 'Strike'], deck=['Prayer', 'Prayer', 'Strike', 'Prayer', 'Prayer'], discard=[][0m
[92m[PLAYER] P1 (начало): HP=40, Poison=0, Bleed=0[0m
[92mHand(5): ['Strike', 'Prayer', 'Prayer', 'Prayer', 'Strike'][0m
[92mDeck(5): ['Prayer', 'Prayer', 'Strike', 'Prayer', 'Prayer'][0m
[92mDiscard(0): [][0m
[92mTrash(0): [][0m
[92mHP: 40[0m
[92mPoison: 0[0m
[92mBleed: 0[0m
[92m         Hand(5): ['Strike', 'Prayer', 'Prayer', 'Prayer', 'Strike'][0m
[92m         Deck(5): ['Prayer', 'Prayer', 'Strike', 'Prayer', 'Prayer'][0m
[92m         Discard(0): [][0m
[92m         Gear(0): [][0m
[92m         Trash(0): [][0m
[92m[DEBUG] Разыгрывается Strike: effect1='{Damage 1}' -> [('damage', '1')][0m
[92m[DEBUG] Разыгрывается Strike: effect2='None' -> [][0m
[92m[DEBUG] Разыгрывается карта Strike, эффекты к применению: [('damage', '1')][0m
[92m[DEBUG] Разыгрывается Prayer: effect1='{Blessing 1}' -> [('blessing', '1')][0m
[92m[DEBUG] Разыгрывается Prayer: effect2='None' -> [][0m
[92m[DEBUG] Разыгрывается карта Prayer, эффекты к применению: [('blessing', '1')][0m
[92m[DEBUG] Разыгрывается Prayer: effect1='{Blessing 1}' -> [('blessing', '1')][0m
[92m[DEBUG] Разыгрывается Prayer: effect2='None' -> [][0m
[92m[DEBUG] Разыгрывается карта Prayer, эффекты к применению: [('blessing', '1')][0m
[92m[DEBUG] Разыгрывается Prayer: effect1='{Blessing 1}' -> [('blessing', '1')][0m
[92m[DEBUG] Разыгрывается Prayer: effect2='None' -> [][0m
[92m[DEBUG] Разыгрывается карта Prayer, эффекты к применению: [('blessing', '1')][0m
[92m[DEBUG] Разыгрывается Strike: effect1='{Damage 1}' -> [('damage', '1')][0m
[92m[DEBUG] Разыгрывается Strike: effect2='None' -> [][0m
[92m[DEBUG] Разыгрывается карта Strike, эффекты к применению: [('damage', '1')][0m
[93m  Blessing на ход: 3, потрачено: 0[0m
[93m  Доступные для покупки: ['Battle Rhythm', 'Leather Armor'][0m
[93m[DEBUG] market.trade_row после refill: ['Runeward Circlet(4)', 'Stuning Light(7)', 'Battle Rhythm(1)', 'Leather Armor(3)', 'Reaper’s Scythe(5)'][0m
[DEBUG-PRIO] zone_key: 1, effect_priority dict keys: ['1', '2', '3']
[DEBUG-PRIO] effect_priority_zone: ['bleed', 'draw', 'trash', 'gear', 'blessing', 'priestess', 'heal', 'poison', 'spy', 'stun', 'damage']
[DEBUG-PRIO] effect_priority_main: ['bleed', 'draw', 'trash', 'gear', 'blessing']
[DEBUG] [0] Runeward Circlet: эффекты=['blessing', 'draw', 'g_chain', 'trash', 'def_y_text'], ищем в=['bleed', 'draw', 'trash', 'gear', 'blessing'], подходит=True
[DEBUG] [1] Stuning Light: эффекты=['damage', 'stun', 'draw', 'b_chain', 'stun', 'destroy'], ищем в=['bleed', 'draw', 'trash', 'gear', 'blessing'], подходит=True
[DEBUG] [2] Battle Rhythm: эффекты=['stun', 'damage'], ищем в=['bleed', 'draw', 'trash', 'gear', 'blessing'], подходит=False
[DEBUG] [3] Leather Armor: эффекты=['damage', 'def_y_text'], ищем в=['bleed', 'draw', 'trash', 'gear', 'blessing'], подходит=False
[DEBUG] [4] Reaper’s Scythe: эффекты=['r_chain', 'damage', 'def_n_text'], ищем в=['bleed', 'draw', 'trash', 'gear', 'blessing'], подходит=False
[DEBUG-CHECK] Battle Rhythm: эффекты=['stun', 'damage'], ищем в=['bleed', 'draw', 'trash', 'gear', 'blessing'], результат=False
[DEBUG-CHECK-RAW] Battle Rhythm: raw_eff=('stun', '1')
[DEBUG-CHECK-RAW] Battle Rhythm: raw_eff=('damage', '2')
[DEBUG-CHECK] Leather Armor: is_gear=True, ищем в=['bleed', 'draw', 'trash', 'gear', 'blessing'], результат=True
[DEBUG] filtered (после фильтрации): ['Leather Armor']
[DEBUG] effect_priority_zone: {'1': ['bleed', 'draw', 'trash', 'gear', 'blessing', 'priestess', 'heal', 'poison', 'spy', 'stun', 'damage'], '2': ['bleed', 'gear', 'draw', 'damage', 'trash', 'priestess', 'spy', 'heal', 'poison', 'stun', 'blessing'], '3': ['gear', 'bleed', 'draw', 'heal', 'damage', 'trash', 'priestess', 'spy', 'stun', 'poison', 'blessing']}
[93m  Куплена карта: Leather Armor[0m
[93m  Blessing на ход: 3, потрачено: 3[0m
[93m  Доступные для покупки: [][0m
[93m[DEBUG] market.trade_row после refill: ['Runeward Circlet(4)', 'Stuning Light(7)', 'Battle Rhythm(1)', 'Reaper’s Scythe(5)', 'Readiness(3)'][0m
[DEBUG-PRIO] zone_key: 1, effect_priority dict keys: ['1', '2', '3']
[DEBUG-PRIO] effect_priority_zone: ['bleed', 'draw', 'trash', 'gear', 'blessing', 'priestess', 'heal', 'poison', 'spy', 'stun', 'damage']
[DEBUG-PRIO] effect_priority_main: ['bleed', 'draw', 'trash', 'gear', 'blessing']
[DEBUG] [0] Runeward Circlet: эффекты=['blessing', 'draw', 'g_chain', 'trash', 'def_y_text'], ищем в=['bleed', 'draw', 'trash', 'gear', 'blessing'], подходит=True
[DEBUG] [1] Stuning Light: эффекты=['damage', 'stun', 'draw', 'b_chain', 'stun', 'destroy'], ищем в=['bleed', 'draw', 'trash', 'gear', 'blessing'], подходит=True
[DEBUG] [2] Battle Rhythm: эффекты=['stun', 'damage'], ищем в=['bleed', 'draw', 'trash', 'gear', 'blessing'], подходит=False
[DEBUG] [3] Reaper’s Scythe: эффекты=['r_chain', 'damage', 'def_n_text'], ищем в=['bleed', 'draw', 'trash', 'gear', 'blessing'], подходит=False
[DEBUG] [4] Readiness: эффекты=['w_chain', 'ready'], ищем в=['bleed', 'draw', 'trash', 'gear', 'blessing'], подходит=False
[DEBUG] filtered (после фильтрации): []
[DEBUG] effect_priority_zone: {'1': ['bleed', 'draw', 'trash', 'gear', 'blessing', 'priestess', 'heal', 'poison', 'spy', 'stun', 'damage'], '2': ['bleed', 'gear', 'draw', 'damage', 'trash', 'priestess', 'spy', 'heal', 'poison', 'stun', 'blessing'], '3': ['gear', 'bleed', 'draw', 'heal', 'damage', 'trash', 'priestess', 'spy', 'stun', 'poison', 'blessing']}
[94m
=== Ход 1 (P2) ===[0m
[94m[DEBUG] P2 старт хода: hand=['Strike', 'Prayer', 'Strike', 'Strike', 'Prayer'], deck=['Prayer', 'Prayer', 'Prayer', 'Prayer', 'Prayer'], discard=[][0m
[94m[PLAYER] P2 (начало): HP=48, Poison=0, Bleed=0[0m
[94mHand(5): ['Strike', 'Prayer', 'Strike', 'Strike', 'Prayer'][0m
[94mDeck(5): ['Prayer', 'Prayer', 'Prayer', 'Prayer', 'Prayer'][0m
[94mDiscard(0): [][0m
[94mTrash(0): [][0m
[94mHP: 48[0m
[94mPoison: 0[0m
[94mBleed: 0[0m
[94m         Hand(5): ['Strike', 'Prayer', 'Strike', 'Strike', 'Prayer'][0m
[94m         Deck(5): ['Prayer', 'Prayer', 'Prayer', 'Prayer', 'Prayer'][0m
[94m         Discard(0): [][0m
[94m         Gear(0): [][0m
[94m         Trash(0): [][0m
[94m[DEBUG] Разыгрывается Strike: effect1='{Damage 1}' -> [('damage', '1')][0m
[94m[DEBUG] Разыгрывается Strike: effect2='None' -> [][0m
[94m[DEBUG] Разыгрывается карта Strike, эффекты к применению: [('damage', '1')][0m
[94m[DEBUG] Разыгрывается Prayer: effect1='{Blessing 1}' -> [('blessing', '1')][0m
[94m[DEBUG] Разыгрывается Prayer: effect2='None' -> [][0m
[94m[DEBUG] Разыгрывается карта Prayer, эффекты к применению: [('blessing', '1')][0m
[94m[DEBUG] Разыгрывается Strike: effect1='{Damage 1}' -> [('damage', '1')][0m
[94m[DEBUG] Разыгрывается Strike: effect2='None' -> [][0m
[94m[DEBUG] Разыгрывается карта Strike, эффекты к применению: [('damage', '1')][0m
[94m[DEBUG] Разыгрывается Strike: effect1='{Damage 1}' -> [('damage', '1')][0m
[94m[DEBUG] Разыгрывается Strike: effect2='None' -> [][0m
[94m[DEBUG] Разыгрывается карта Strike, эффекты к применению: [('damage', '1')][0m
[94m[DEBUG] Разыгрывается Prayer: effect1='{Blessing 1}' -> [('blessing', '1')][0m
[94m[DEBUG] Разыгрывается Prayer: effect2='None' -> [][0m
[94m[DEBUG] Разыгрывается карта Prayer, эффекты к применению: [('blessing', '1')][0m
[93m  Blessing на ход: 2, потрачено: 0[0m
[93m  Доступные для покупки: ['Battle Rhythm'][0m
[93m[DEBUG] market.trade_row после refill: ['Runeward Circlet(4)', 'Stuning Light(7)', 'Battle Rhythm(1)', 'Reaper’s Scythe(5)', 'Readiness(3)'][0m
[DEBUG-PRIO] zone_key: 1, effect_priority dict keys: ['1', '2', '3']
[DEBUG-PRIO] effect_priority_zone: ['draw', 'heal', 'poison', 'bleed', 'trash', 'priestess', 'gear', 'spy', 'stun', 'blessing', 'damage']
[DEBUG-PRIO] effect_priority_main: ['draw', 'heal', 'poison', 'bleed', 'trash']
[DEBUG] [0] Runeward Circlet: эффекты=['blessing', 'draw', 'g_chain', 'trash', 'def_y_text'], ищем в=['draw', 'heal', 'poison', 'bleed', 'trash'], подходит=True
[DEBUG] [1] Stuning Light: эффекты=['damage', 'stun', 'draw', 'b_chain', 'stun', 'destroy'], ищем в=['draw', 'heal', 'poison', 'bleed', 'trash'], подходит=True
[DEBUG] [2] Battle Rhythm: эффекты=['stun', 'damage'], ищем в=['draw', 'heal', 'poison', 'bleed', 'trash'], подходит=False
[DEBUG] [3] Reaper’s Scythe: эффекты=['r_chain', 'damage', 'def_n_text'], ищем в=['draw', 'heal', 'poison', 'bleed', 'trash'], подходит=False
[DEBUG] [4] Readiness: эффекты=['w_chain', 'ready'], ищем в=['draw', 'heal', 'poison', 'bleed', 'trash'], подходит=False
[DEBUG-CHECK] Battle Rhythm: эффекты=['stun', 'damage'], ищем в=['draw', 'heal', 'poison', 'bleed', 'trash'], результат=False
[DEBUG-CHECK-RAW] Battle Rhythm: raw_eff=('stun', '1')
[DEBUG-CHECK-RAW] Battle Rhythm: raw_eff=('damage', '2')
[DEBUG] filtered (после фильтрации): []
[DEBUG] effect_priority_zone: {'1': ['draw', 'heal', 'poison', 'bleed', 'trash', 'priestess', 'gear', 'spy', 'stun', 'blessing', 'damage'], '2': ['draw', 'heal', 'poison', 'bleed', 'trash', 'priestess', 'gear', 'spy', 'stun', 'blessing', 'damage'], '3': ['draw', 'heal', 'poison', 'bleed', 'trash', 'priestess', 'gear', 'spy', 'stun', 'blessing', 'damage']}
[93m  Куплена карта: Priestess[0m
[93m  Blessing на ход: 2, потрачено: 2[0m
[93m  Доступные для покупки: [][0m
[93m[DEBUG] market.trade_row после refill: ['Runeward Circlet(4)', 'Stuning Light(7)', 'Battle Rhythm(1)', 'Reaper’s Scythe(5)', 'Readiness(3)'][0m
[DEBUG-PRIO] zone_key: 1, effect_priority dict keys: ['1', '2', '3']
[DEBUG-PRIO] effect_priority_zone: ['draw', 'heal', 'poison', 'bleed', 'trash', 'priestess', 'gear', 'spy', 'stun', 'blessing', 'damage']
[DEBUG-PRIO] effect_priority_main: ['draw', 'heal', 'poison', 'bleed', 'trash']
[DEBUG] [0] Runeward Circlet: эффекты=['blessing', 'draw', 'g_chain', 'trash', 'def_y_text'], ищем в=['draw', 'heal', 'poison', 'bleed', 'trash'], подходит=True
[DEBUG] [1] Stuning Light: эффекты=['damage', 'stun', 'draw', 'b_chain', 'stun', 'destroy'], ищем в=['draw', 'heal', 'poison', 'bleed', 'trash'], подходит=True
[DEBUG] [2] Battle Rhythm: эффекты=['stun', 'damage'], ищем в=['draw', 'heal', 'poison', 'bleed', 'trash'], подходит=False
[DEBUG] [3] Reaper’s Scythe: эффекты=['r_chain', 'damage', 'def_n_text'], ищем в=['draw', 'heal', 'poison', 'bleed', 'trash'], подходит=False
[DEBUG] [4] Readiness: эффекты=['w_chain', 'ready'], ищем в=['draw', 'heal', 'poison', 'bleed', 'trash'], подходит=False
[DEBUG] filtered (после фильтрации): []
[DEBUG] effect_priority_zone: {'1': ['draw', 'heal', 'poison', 'bleed', 'trash', 'priestess', 'gear', 'spy', 'stun', 'blessing', 'damage'], '2': ['draw', 'heal', 'poison', 'bleed', 'trash', 'priestess', 'gear', 'spy', 'stun', 'blessing', 'damage'], '3': ['draw', 'heal', 'poison', 'bleed', 'trash', 'priestess', 'gear', 'spy', 'stun', 'blessing', 'damage']}
[92m
=== Ход 2 (P1) ===[0m
[92m[DEBUG] P1 старт хода: hand=['Prayer', 'Prayer', 'Strike', 'Prayer', 'Prayer'], deck=[], discard=['Strike', 'Prayer', 'Prayer', 'Prayer', 'Strike', 'Leather Armor'][0m
[92m[PLAYER] P1 (начало): HP=37, Poison=0, Bleed=0[0m
[92mHand(5): ['Prayer', 'Prayer', 'Strike', 'Prayer', 'Prayer'][0m
[92mDeck(0): [][0m
[92mDiscard(6): ['Strike', 'Prayer', 'Prayer', 'Prayer', 'Strike', 'Leather Armor'][0m
[92mTrash(0): [][0m
[92mHP: 37[0m
[92mPoison: 0[0m
[92mBleed: 0[0m
[92m         Hand(5): ['Prayer', 'Prayer', 'Strike', 'Prayer', 'Prayer'][0m
[92m         Deck(0): [][0m
[92m         Discard(6): ['Strike', 'Prayer', 'Prayer', 'Prayer', 'Strike', 'Leather Armor'][0m
[92m         Gear(0): [][0m
[92m         Trash(0): [][0m
[92m[DEBUG] Разыгрывается Prayer: effect1='{Blessing 1}' -> [('blessing', '1')][0m
[92m[DEBUG] Разыгрывается Prayer: effect2='None' -> [][0m
[92m[DEBUG] Разыгрывается карта Prayer, эффекты к применению: [('blessing', '1')][0m
[92m[DEBUG] Разыгрывается Prayer: effect1='{Blessing 1}' -> [('blessing', '1')][0m
[92m[DEBUG] Разыгрывается Prayer: effect2='None' -> [][0m
[92m[DEBUG] Разыгрывается карта Prayer, эффекты к применению: [('blessing', '1')][0m
[92m[DEBUG] Разыгрывается Strike: effect1='{Damage 1}' -> [('damage', '1')][0m
[92m[DEBUG] Разыгрывается Strike: effect2='None' -> [][0m
[92m[DEBUG] Разыгрывается карта Strike, эффекты к применению: [('damage', '1')][0m
[92m[DEBUG] Разыгрывается Prayer: effect1='{Blessing 1}' -> [('blessing', '1')][0m
[92m[DEBUG] Разыгрывается Prayer: effect2='None' -> [][0m
[92m[DEBUG] Разыгрывается карта Prayer, эффекты к применению: [('blessing', '1')][0m
[92m[DEBUG] Разыгрывается Prayer: effect1='{Blessing 1}' -> [('blessing', '1')][0m
[92m[DEBUG] Разыгрывается Prayer: effect2='None' -> [][0m
[92m[DEBUG] Разыгрывается карта Prayer, эффекты к применению: [('blessing', '1')][0m
[93m  Blessing на ход: 4, потрачено: 0[0m
[93m  Доступные для покупки: ['Runeward Circlet', 'Battle Rhythm', 'Readiness'][0m
[93m[DEBUG] market.trade_row после refill: ['Runeward Circlet(4)', 'Stuning Light(7)', 'Battle Rhythm(1)', 'Reaper’s Scythe(5)', 'Readiness(3)'][0m
[DEBUG-PRIO] zone_key: 2, effect_priority dict keys: ['1', '2', '3']
[DEBUG-PRIO] effect_priority_zone: ['bleed', 'gear', 'draw', 'damage', 'trash', 'priestess', 'spy', 'heal', 'poison', 'stun', 'blessing']
[DEBUG-PRIO] effect_priority_main: ['bleed', 'gear', 'draw', 'damage', 'trash']
[DEBUG] [0] Runeward Circlet: эффекты=['blessing', 'draw', 'g_chain', 'trash', 'def_y_text'], ищем в=['bleed', 'gear', 'draw', 'damage', 'trash'], подходит=True
[DEBUG] [1] Stuning Light: эффекты=['damage', 'stun', 'draw', 'b_chain', 'stun', 'destroy'], ищем в=['bleed', 'gear', 'draw', 'damage', 'trash'], подходит=True
[DEBUG] [2] Battle Rhythm: эффекты=['stun', 'damage'], ищем в=['bleed', 'gear', 'draw', 'damage', 'trash'], подходит=True
[DEBUG] [3] Reaper’s Scythe: эффекты=['r_chain', 'damage', 'def_n_text'], ищем в=['bleed', 'gear', 'draw', 'damage', 'trash'], подходит=True
[DEBUG] [4] Readiness: эффекты=['w_chain', 'ready'], ищем в=['bleed', 'gear', 'draw', 'damage', 'trash'], подходит=False
[DEBUG-CHECK] Runeward Circlet: is_gear=True, ищем в=['bleed', 'gear', 'draw', 'damage', 'trash'], результат=True
[DEBUG-CHECK] Battle Rhythm: эффекты=['stun', 'damage'], ищем в=['bleed', 'gear', 'draw', 'damage', 'trash'], результат=True
[DEBUG-CHECK-RAW] Battle Rhythm: raw_eff=('stun', '1')
[DEBUG-CHECK-RAW] Battle Rhythm: raw_eff=('damage', '2')
[DEBUG-CHECK] Readiness: эффекты=['heal', 'heal_bleed', 'heal_poison', 'w_chain', 'ready'], ищем в=['bleed', 'gear', 'draw', 'damage', 'trash'], результат=False
[DEBUG-CHECK-RAW] Readiness: raw_eff=[('heal', '4')]
[DEBUG-CHECK-RAW] Readiness: raw_eff=[('heal_bleed', '2'), ('heal_poison', '2')]
[DEBUG-CHECK-RAW] Readiness: raw_eff=('w_chain', None)
[DEBUG-CHECK-RAW] Readiness: raw_eff=('ready', '1')
[DEBUG] filtered (после фильтрации): ['Runeward Circlet', 'Battle Rhythm']
[DEBUG] effect_priority_zone: {'1': ['bleed', 'draw', 'trash', 'gear', 'blessing', 'priestess', 'heal', 'poison', 'spy', 'stun', 'damage'], '2': ['bleed', 'gear', 'draw', 'damage', 'trash', 'priestess', 'spy', 'heal', 'poison', 'stun', 'blessing'], '3': ['gear', 'bleed', 'draw', 'heal', 'damage', 'trash', 'priestess', 'spy', 'stun', 'poison', 'blessing']}
[93m  Куплена карта: Runeward Circlet[0m
[93m  Blessing на ход: 4, потрачено: 4[0m
[93m  Доступные для покупки: [][0m
[93m[DEBUG] market.trade_row после refill: ['Stuning Light(7)', 'Battle Rhythm(1)', 'Reaper’s Scythe(5)', 'Readiness(3)', 'Dash(3)'][0m
[DEBUG-PRIO] zone_key: 2, effect_priority dict keys: ['1', '2', '3']
[DEBUG-PRIO] effect_priority_zone: ['bleed', 'gear', 'draw', 'damage', 'trash', 'priestess', 'spy', 'heal', 'poison', 'stun', 'blessing']
[DEBUG-PRIO] effect_priority_main: ['bleed', 'gear', 'draw', 'damage', 'trash']
[DEBUG] [0] Stuning Light: эффекты=['damage', 'stun', 'draw', 'b_chain', 'stun', 'destroy'], ищем в=['bleed', 'gear', 'draw', 'damage', 'trash'], подходит=True
[DEBUG] [1] Battle Rhythm: эффекты=['stun', 'damage'], ищем в=['bleed', 'gear', 'draw', 'damage', 'trash'], подходит=True
[DEBUG] [2] Reaper’s Scythe: эффекты=['r_chain', 'damage', 'def_n_text'], ищем в=['bleed', 'gear', 'draw', 'damage', 'trash'], подходит=True
[DEBUG] [3] Readiness: эффекты=['w_chain', 'ready'], ищем в=['bleed', 'gear', 'draw', 'damage', 'trash'], подходит=False
[DEBUG] [4] Dash: эффекты=['damage', 'heal', 'w_chain', 'blessing', 'draw'], ищем в=['bleed', 'gear', 'draw', 'damage', 'trash'], подходит=True
[DEBUG] filtered (после фильтрации): []
[DEBUG] effect_priority_zone: {'1': ['bleed', 'draw', 'trash', 'gear', 'blessing', 'priestess', 'heal', 'poison', 'spy', 'stun', 'damage'], '2': ['bleed', 'gear', 'draw', 'damage', 'trash', 'priestess', 'spy', 'heal', 'poison', 'stun', 'blessing'], '3': ['gear', 'bleed', 'draw', 'heal', 'damage', 'trash', 'priestess', 'spy', 'stun', 'poison', 'blessing']}
[94m
=== Ход 2 (P2) ===[0m
[94m[DEBUG] P2 старт хода: hand=['Prayer', 'Prayer', 'Prayer', 'Prayer', 'Prayer'], deck=[], discard=['Strike', 'Prayer', 'Strike', 'Strike', 'Prayer', 'Priestess'][0m
[94m[PLAYER] P2 (начало): HP=47, Poison=0, Bleed=0[0m
[94mHand(5): ['Prayer', 'Prayer', 'Prayer', 'Prayer', 'Prayer'][0m
[94mDeck(0): [][0m
[94mDiscard(6): ['Strike', 'Prayer', 'Strike', 'Strike', 'Prayer', 'Priestess'][0m
[94mTrash(0): [][0m
[94mHP: 47[0m
[94mPoison: 0[0m
[94mBleed: 0[0m
[94m         Hand(5): ['Prayer', 'Prayer', 'Prayer', 'Prayer', 'Prayer'][0m
[94m         Deck(0): [][0m
[94m         Discard(6): ['Strike', 'Prayer', 'Strike', 'Strike', 'Prayer', 'Priestess'][0m
[94m         Gear(0): [][0m
[94m         Trash(0): [][0m
[94m[DEBUG] Разыгрывается Prayer: effect1='{Blessing 1}' -> [('blessing', '1')][0m
[94m[DEBUG] Разыгрывается Prayer: effect2='None' -> [][0m
[94m[DEBUG] Разыгрывается карта Prayer, эффекты к применению: [('blessing', '1')][0m
[94m[DEBUG] Разыгрывается Prayer: effect1='{Blessing 1}' -> [('blessing', '1')][0m
[94m[DEBUG] Разыгрывается Prayer: effect2='None' -> [][0m
[94m[DEBUG] Разыгрывается карта Prayer, эффекты к применению: [('blessing', '1')][0m
[94m[DEBUG] Разыгрывается Prayer: effect1='{Blessing 1}' -> [('blessing', '1')][0m
[94m[DEBUG] Разыгрывается Prayer: effect2='None' -> [][0m
[94m[DEBUG] Разыгрывается карта Prayer, эффекты к применению: [('blessing', '1')][0m
[94m[DEBUG] Разыгрывается Prayer: effect1='{Blessing 1}' -> [('blessing', '1')][0m
[94m[DEBUG] Разыгрывается Prayer: effect2='None' -> [][0m
[94m[DEBUG] Разыгрывается карта Prayer, эффекты к применению: [('blessing', '1')][0m
[94m[DEBUG] Разыгрывается Prayer: effect1='{Blessing 1}' -> [('blessing', '1')][0m
[94m[DEBUG] Разыгрывается Prayer: effect2='None' -> [][0m
[94m[DEBUG] Разыгрывается карта Prayer, эффекты к применению: [('blessing', '1')][0m
[93m  Blessing на ход: 5, потрачено: 0[0m
[93m  Доступные для покупки: ['Battle Rhythm', 'Reaper’s Scythe', 'Readiness', 'Dash'][0m
[93m[DEBUG] market.trade_row после refill: ['Stuning Light(7)', 'Battle Rhythm(1)', 'Reaper’s Scythe(5)', 'Readiness(3)', 'Dash(3)'][0m
[DEBUG-PRIO] zone_key: 2, effect_priority dict keys: ['1', '2', '3']
[DEBUG-PRIO] effect_priority_zone: ['draw', 'heal', 'poison', 'bleed', 'trash', 'priestess', 'gear', 'spy', 'stun', 'blessing', 'damage']
[DEBUG-PRIO] effect_priority_main: ['draw', 'heal', 'poison', 'bleed', 'trash']
[DEBUG] [0] Stuning Light: эффекты=['damage', 'stun', 'draw', 'b_chain', 'stun', 'destroy'], ищем в=['draw', 'heal', 'poison', 'bleed', 'trash'], подходит=True
[DEBUG] [1] Battle Rhythm: эффекты=['stun', 'damage'], ищем в=['draw', 'heal', 'poison', 'bleed', 'trash'], подходит=False
[DEBUG] [2] Reaper’s Scythe: эффекты=['r_chain', 'damage', 'def_n_text'], ищем в=['draw', 'heal', 'poison', 'bleed', 'trash'], подходит=False
[DEBUG] [3] Readiness: эффекты=['w_chain', 'ready'], ищем в=['draw', 'heal', 'poison', 'bleed', 'trash'], подходит=False
[DEBUG] [4] Dash: эффекты=['damage', 'heal', 'w_chain', 'blessing', 'draw'], ищем в=['draw', 'heal', 'poison', 'bleed', 'trash'], подходит=True
[DEBUG-CHECK] Battle Rhythm: эффекты=['stun', 'damage'], ищем в=['draw', 'heal', 'poison', 'bleed', 'trash'], результат=False
[DEBUG-CHECK-RAW] Battle Rhythm: raw_eff=('stun', '1')
[DEBUG-CHECK-RAW] Battle Rhythm: raw_eff=('damage', '2')
[DEBUG-CHECK] Reaper’s Scythe: эффекты=['discard', 'bleed', 'defeat', 'r_chain', 'damage', 'def_n_text'], ищем в=['draw', 'heal', 'poison', 'bleed', 'trash'], результат=True
[DEBUG-CHECK-RAW] Reaper’s Scythe: raw_eff=[('discard', '1')]
[DEBUG-CHECK-RAW] Reaper’s Scythe: raw_eff=[('bleed', '3'), ('defeat', 'Monster')]
[DEBUG-CHECK-RAW] Reaper’s Scythe: raw_eff=('r_chain', None)
[DEBUG-CHECK-RAW] Reaper’s Scythe: raw_eff=('damage', '4')
[DEBUG-CHECK-RAW] Reaper’s Scythe: raw_eff=('def_n_text', '5')
[DEBUG-CHECK] Readiness: эффекты=['heal', 'heal_bleed', 'heal_poison', 'w_chain', 'ready'], ищем в=['draw', 'heal', 'poison', 'bleed', 'trash'], результат=True
[DEBUG-CHECK-RAW] Readiness: raw_eff=[('heal', '4')]
[DEBUG-CHECK-RAW] Readiness: raw_eff=[('heal_bleed', '2'), ('heal_poison', '2')]
[DEBUG-CHECK-RAW] Readiness: raw_eff=('w_chain', None)
[DEBUG-CHECK-RAW] Readiness: raw_eff=('ready', '1')
[DEBUG-CHECK] Dash: эффекты=['damage', 'heal', 'w_chain', 'blessing', 'draw'], ищем в=['draw', 'heal', 'poison', 'bleed', 'trash'], результат=True
[DEBUG-CHECK-RAW] Dash: raw_eff=('damage', '3')
[DEBUG-CHECK-RAW] Dash: raw_eff=('heal', 0)
[DEBUG-CHECK-RAW] Dash: raw_eff=('w_chain', None)
[DEBUG-CHECK-RAW] Dash: raw_eff=('blessing', '2')
[DEBUG-CHECK-RAW] Dash: raw_eff=('draw', '1')
[DEBUG] filtered (после фильтрации): ['Reaper’s Scythe', 'Readiness', 'Dash']
[DEBUG] effect_priority_zone: {'1': ['draw', 'heal', 'poison', 'bleed', 'trash', 'priestess', 'gear', 'spy', 'stun', 'blessing', 'damage'], '2': ['draw', 'heal', 'poison', 'bleed', 'trash', 'priestess', 'gear', 'spy', 'stun', 'blessing', 'damage'], '3': ['draw', 'heal', 'poison', 'bleed', 'trash', 'priestess', 'gear', 'spy', 'stun', 'blessing', 'damage']}
[93m  Куплена карта: Dash[0m
[93m  Blessing на ход: 5, потрачено: 3[0m
[93m  Доступные для покупки: ['Battle Rhythm', 'Festering Wound'][0m
[93m[DEBUG] market.trade_row после refill: ['Stuning Light(7)', 'Battle Rhythm(1)', 'Reaper’s Scythe(5)', 'Readiness(3)', 'Festering Wound(2)'][0m
[DEBUG-PRIO] zone_key: 2, effect_priority dict keys: ['1', '2', '3']
[DEBUG-PRIO] effect_priority_zone: ['draw', 'heal', 'poison', 'bleed', 'trash', 'priestess', 'gear', 'spy', 'stun', 'blessing', 'damage']
[DEBUG-PRIO] effect_priority_main: ['draw', 'heal', 'poison', 'bleed', 'trash']
[DEBUG] [0] Stuning Light: эффекты=['damage', 'stun', 'draw', 'b_chain', 'stun', 'destroy'], ищем в=['draw', 'heal', 'poison', 'bleed', 'trash'], подходит=True
[DEBUG] [1] Battle Rhythm: эффекты=['stun', 'damage'], ищем в=['draw', 'heal', 'poison', 'bleed', 'trash'], подходит=False
[DEBUG] [2] Reaper’s Scythe: эффекты=['r_chain', 'damage', 'def_n_text'], ищем в=['draw', 'heal', 'poison', 'bleed', 'trash'], подходит=False
[DEBUG] [3] Readiness: эффекты=['w_chain', 'ready'], ищем в=['draw', 'heal', 'poison', 'bleed', 'trash'], подходит=False
[DEBUG] [4] Festering Wound: эффекты=['trash', 'poison', 'draw'], ищем в=['draw', 'heal', 'poison', 'bleed', 'trash'], подходит=True
[DEBUG-CHECK] Battle Rhythm: эффекты=['stun', 'damage'], ищем в=['draw', 'heal', 'poison', 'bleed', 'trash'], результат=False
[DEBUG-CHECK-RAW] Battle Rhythm: raw_eff=('stun', '1')
[DEBUG-CHECK-RAW] Battle Rhythm: raw_eff=('damage', '2')
[DEBUG-CHECK] Festering Wound: эффекты=['trash', 'poison', 'draw', 'g_chain', 'remove_poison', 'damage'], ищем в=['draw', 'heal', 'poison', 'bleed', 'trash'], результат=True
[DEBUG-CHECK-RAW] Festering Wound: raw_eff=('trash', '1')
[DEBUG-CHECK-RAW] Festering Wound: raw_eff=('poison', '1')
[DEBUG-CHECK-RAW] Festering Wound: raw_eff=('draw', '1')
[DEBUG-CHECK-RAW] Festering Wound: raw_eff=[('g_chain', None), ('remove_poison', 0)]
[DEBUG-CHECK-RAW] Festering Wound: raw_eff=[('damage', 0)]
[DEBUG] filtered (после фильтрации): ['Festering Wound']
[DEBUG] effect_priority_zone: {'1': ['draw', 'heal', 'poison', 'bleed', 'trash', 'priestess', 'gear', 'spy', 'stun', 'blessing', 'damage'], '2': ['draw', 'heal', 'poison', 'bleed', 'trash', 'priestess', 'gear', 'spy', 'stun', 'blessing', 'damage'], '3': ['draw', 'heal', 'poison', 'bleed', 'trash', 'priestess', 'gear', 'spy', 'stun', 'blessing', 'damage']}
[93m  Куплена карта: Festering Wound[0m
[93m  Blessing на ход: 5, потрачено: 5[0m
[93m  Доступные для покупки: [][0m
[93m[DEBUG] market.trade_row после refill: ['Stuning Light(7)', 'Battle Rhythm(1)', 'Reaper’s Scythe(5)', 'Readiness(3)', 'Battle Rhythm(1)'][0m
[DEBUG-PRIO] zone_key: 2, effect_priority dict keys: ['1', '2', '3']
[DEBUG-PRIO] effect_priority_zone: ['draw', 'heal', 'poison', 'bleed', 'trash', 'priestess', 'gear', 'spy', 'stun', 'blessing', 'damage']
[DEBUG-PRIO] effect_priority_main: ['draw', 'heal', 'poison', 'bleed', 'trash']
[DEBUG] [0] Stuning Light: эффекты=['damage', 'stun', 'draw', 'b_chain', 'stun', 'destroy'], ищем в=['draw', 'heal', 'poison', 'bleed', 'trash'], подходит=True
[DEBUG] [1] Battle Rhythm: эффекты=['stun', 'damage'], ищем в=['draw', 'heal', 'poison', 'bleed', 'trash'], подходит=False
[DEBUG] [2] Reaper’s Scythe: эффекты=['r_chain', 'damage', 'def_n_text'], ищем в=['draw', 'heal', 'poison', 'bleed', 'trash'], подходит=False
[DEBUG] [3] Readiness: эффекты=['w_chain', 'ready'], ищем в=['draw', 'heal', 'poison', 'bleed', 'trash'], подходит=False
[DEBUG] [4] Battle Rhythm: эффекты=['stun', 'damage'], ищем в=['draw', 'heal', 'poison', 'bleed', 'trash'], подходит=False
[DEBUG] filtered (после фильтрации): []
[DEBUG] effect_priority_zone: {'1': ['draw', 'heal', 'poison', 'bleed', 'trash', 'priestess', 'gear', 'spy', 'stun', 'blessing', 'damage'], '2': ['draw', 'heal', 'poison', 'bleed', 'trash', 'priestess', 'gear', 'spy', 'stun', 'blessing', 'damage'], '3': ['draw', 'heal', 'poison', 'bleed', 'trash', 'priestess', 'gear', 'spy', 'stun', 'blessing', 'damage']}
[92m
=== Ход 3 (P1) ===[0m
[92m[DEBUG] P1 старт хода: hand=['Prayer', 'Prayer', 'Runeward Circlet', 'Prayer', 'Prayer'], deck=['Strike', 'Prayer', 'Strike', 'Prayer', 'Strike', 'Prayer', 'Leather Armor'], discard=[][0m
[92m[PLAYER] P1 (начало): HP=37, Poison=0, Bleed=0[0m
[92mHand(5): ['Prayer', 'Prayer', 'Runeward Circlet', 'Prayer', 'Prayer'][0m
[92mDeck(7): ['Strike', 'Prayer', 'Strike', 'Prayer', 'Strike', 'Prayer', 'Leather Armor'][0m
[92mDiscard(0): [][0m
[92mTrash(0): [][0m
[92mHP: 37[0m
[92mPoison: 0[0m
[92mBleed: 0[0m
[92m         Hand(5): ['Prayer', 'Prayer', 'Runeward Circlet', 'Prayer', 'Prayer'][0m
[92m         Deck(7): ['Strike', 'Prayer', 'Strike', 'Prayer', 'Strike', 'Prayer', 'Leather Armor'][0m
[92m         Discard(0): [][0m
[92m         Gear(0): [][0m
[92m         Trash(0): [][0m
[92m[DEBUG] Разыгрывается Prayer: effect1='{Blessing 1}' -> [('blessing', '1')][0m
[92m[DEBUG] Разыгрывается Prayer: effect2='None' -> [][0m
[92m[DEBUG] Разыгрывается карта Prayer, эффекты к применению: [('blessing', '1')][0m
[92m[DEBUG] Разыгрывается Prayer: effect1='{Blessing 1}' -> [('blessing', '1')][0m
[92m[DEBUG] Разыгрывается Prayer: effect2='None' -> [][0m
[92m[DEBUG] Разыгрывается карта Prayer, эффекты к применению: [('blessing', '1')][0m
[92m[DEBUG] Разыгрывается Runeward Circlet: effect1='{Blessing 2} or {Draw 1}' -> [('blessing', '2'), ('draw', '1')][0m
[92m[DEBUG] Разыгрывается Runeward Circlet: effect2='{G_chain}{Trash 1}' -> [('g_chain', None), ('trash', '1')][0m
[92m[DEBUG] Разыгрывается Runeward Circlet: effect1text='{Def_Y_Text 4}' -> [('def_y_text', '4')][0m
[92m[DEBUG] Разыгрывается Runeward Circlet: effect2text='None' -> [][0m
[92m[DEBUG] Разыгрывается карта Runeward Circlet, эффекты к применению: [('blessing', '2'), ('draw', '1'), ('g_chain', None), ('trash', '1'), ('def_y_text', '4')][0m
[92m[DEBUG] Разыгрывается Prayer: effect1='{Blessing 1}' -> [('blessing', '1')][0m
[92m[DEBUG] Разыгрывается Prayer: effect2='None' -> [][0m
[92m[DEBUG] Разыгрывается карта Prayer, эффекты к применению: [('blessing', '1')][0m
[92m[DEBUG] Разыгрывается Prayer: effect1='{Blessing 1}' -> [('blessing', '1')][0m
[92m[DEBUG] Разыгрывается Prayer: effect2='None' -> [][0m
[92m[DEBUG] Разыгрывается карта Prayer, эффекты к применению: [('blessing', '1')][0m
[93m  Blessing на ход: 6, потрачено: 0[0m
[93m  Доступные для покупки: ['Battle Rhythm', 'Reaper’s Scythe', 'Readiness', 'Battle Rhythm'][0m
[93m[DEBUG] market.trade_row после refill: ['Stuning Light(7)', 'Battle Rhythm(1)', 'Reaper’s Scythe(5)', 'Readiness(3)', 'Battle Rhythm(1)'][0m
[DEBUG-PRIO] zone_key: 3, effect_priority dict keys: ['1', '2', '3']
[DEBUG-PRIO] effect_priority_zone: ['gear', 'bleed', 'draw', 'heal', 'damage', 'trash', 'priestess', 'spy', 'stun', 'poison', 'blessing']
[DEBUG-PRIO] effect_priority_main: ['gear', 'bleed', 'draw', 'heal', 'damage', 'trash']
[DEBUG] [0] Stuning Light: эффекты=['damage', 'stun', 'draw', 'b_chain', 'stun', 'destroy'], ищем в=['gear', 'bleed', 'draw', 'heal', 'damage', 'trash'], подходит=True
[DEBUG] [1] Battle Rhythm: эффекты=['stun', 'damage'], ищем в=['gear', 'bleed', 'draw', 'heal', 'damage', 'trash'], подходит=True
[DEBUG] [2] Reaper’s Scythe: эффекты=['r_chain', 'damage', 'def_n_text'], ищем в=['gear', 'bleed', 'draw', 'heal', 'damage', 'trash'], подходит=True
[DEBUG] [3] Readiness: эффекты=['w_chain', 'ready'], ищем в=['gear', 'bleed', 'draw', 'heal', 'damage', 'trash'], подходит=False
[DEBUG] [4] Battle Rhythm: эффекты=['stun', 'damage'], ищем в=['gear', 'bleed', 'draw', 'heal', 'damage', 'trash'], подходит=True
[DEBUG-CHECK] Battle Rhythm: эффекты=['stun', 'damage'], ищем в=['gear', 'bleed', 'draw', 'heal', 'damage', 'trash'], результат=True
[DEBUG-CHECK-RAW] Battle Rhythm: raw_eff=('stun', '1')
[DEBUG-CHECK-RAW] Battle Rhythm: raw_eff=('damage', '2')
[DEBUG-CHECK] Reaper’s Scythe: is_gear=True, ищем в=['gear', 'bleed', 'draw', 'heal', 'damage', 'trash'], результат=True
[DEBUG-CHECK] Readiness: эффекты=['heal', 'heal_bleed', 'heal_poison', 'w_chain', 'ready'], ищем в=['gear', 'bleed', 'draw', 'heal', 'damage', 'trash'], результат=True
[DEBUG-CHECK-RAW] Readiness: raw_eff=[('heal', '4')]
[DEBUG-CHECK-RAW] Readiness: raw_eff=[('heal_bleed', '2'), ('heal_poison', '2')]
[DEBUG-CHECK-RAW] Readiness: raw_eff=('w_chain', None)
[DEBUG-CHECK-RAW] Readiness: raw_eff=('ready', '1')
[DEBUG-CHECK] Battle Rhythm: эффекты=['stun', 'damage'], ищем в=['gear', 'bleed', 'draw', 'heal', 'damage', 'trash'], результат=True
[DEBUG-CHECK-RAW] Battle Rhythm: raw_eff=('stun', '1')
[DEBUG-CHECK-RAW] Battle Rhythm: raw_eff=('damage', '2')
[DEBUG] filtered (после фильтрации): ['Battle Rhythm', 'Reaper’s Scythe', 'Readiness', 'Battle Rhythm']
[DEBUG] effect_priority_zone: {'1': ['bleed', 'draw', 'trash', 'gear', 'blessing', 'priestess', 'heal', 'poison', 'spy', 'stun', 'damage'], '2': ['bleed', 'gear', 'draw', 'damage', 'trash', 'priestess', 'spy', 'heal', 'poison', 'stun', 'blessing'], '3': ['gear', 'bleed', 'draw', 'heal', 'damage', 'trash', 'priestess', 'spy', 'stun', 'poison', 'blessing']}
[93m  Куплена карта: Battle Rhythm[0m
[93m  Blessing на ход: 6, потрачено: 1[0m
[93m  Доступные для покупки: ['Reaper’s Scythe', 'Readiness', 'Battle Rhythm', 'Deceit'][0m
[93m[DEBUG] market.trade_row после refill: ['Stuning Light(7)', 'Reaper’s Scythe(5)', 'Readiness(3)', 'Battle Rhythm(1)', 'Deceit(3)'][0m
[DEBUG-PRIO] zone_key: 3, effect_priority dict keys: ['1', '2', '3']
[DEBUG-PRIO] effect_priority_zone: ['gear', 'bleed', 'draw', 'heal', 'damage', 'trash', 'priestess', 'spy', 'stun', 'poison', 'blessing']
[DEBUG-PRIO] effect_priority_main: ['gear', 'bleed', 'draw', 'heal', 'damage', 'trash']
[DEBUG] [0] Stuning Light: эффекты=['damage', 'stun', 'draw', 'b_chain', 'stun', 'destroy'], ищем в=['gear', 'bleed', 'draw', 'heal', 'damage', 'trash'], подходит=True
[DEBUG] [1] Reaper’s Scythe: эффекты=['r_chain', 'damage', 'def_n_text'], ищем в=['gear', 'bleed', 'draw', 'heal', 'damage', 'trash'], подходит=True
[DEBUG] [2] Readiness: эффекты=['w_chain', 'ready'], ищем в=['gear', 'bleed', 'draw', 'heal', 'damage', 'trash'], подходит=False
[DEBUG] [3] Battle Rhythm: эффекты=['stun', 'damage'], ищем в=['gear', 'bleed', 'draw', 'heal', 'damage', 'trash'], подходит=True
[DEBUG] [4] Deceit: эффекты=['stun', 'draw'], ищем в=['gear', 'bleed', 'draw', 'heal', 'damage', 'trash'], подходит=True
[DEBUG-CHECK] Reaper’s Scythe: is_gear=True, ищем в=['gear', 'bleed', 'draw', 'heal', 'damage', 'trash'], результат=True
[DEBUG-CHECK] Readiness: эффекты=['heal', 'heal_bleed', 'heal_poison', 'w_chain', 'ready'], ищем в=['gear', 'bleed', 'draw', 'heal', 'damage', 'trash'], результат=True
[DEBUG-CHECK-RAW] Readiness: raw_eff=[('heal', '4')]
[DEBUG-CHECK-RAW] Readiness: raw_eff=[('heal_bleed', '2'), ('heal_poison', '2')]
[DEBUG-CHECK-RAW] Readiness: raw_eff=('w_chain', None)
[DEBUG-CHECK-RAW] Readiness: raw_eff=('ready', '1')
[DEBUG-CHECK] Battle Rhythm: эффекты=['stun', 'damage'], ищем в=['gear', 'bleed', 'draw', 'heal', 'damage', 'trash'], результат=True
[DEBUG-CHECK-RAW] Battle Rhythm: raw_eff=('stun', '1')
[DEBUG-CHECK-RAW] Battle Rhythm: raw_eff=('damage', '2')
[DEBUG-CHECK] Deceit: эффекты=['stun', 'draw', 'b_chain', 'spy'], ищем в=['gear', 'bleed', 'draw', 'heal', 'damage', 'trash'], результат=True
[DEBUG-CHECK-RAW] Deceit: raw_eff=('stun', '1')
[DEBUG-CHECK-RAW] Deceit: raw_eff=('draw', '1')
[DEBUG-CHECK-RAW] Deceit: raw_eff=[('b_chain', None), ('spy', '2')]
[DEBUG-CHECK-RAW] Deceit: raw_eff=[]
[DEBUG] filtered (после фильтрации): ['Reaper’s Scythe', 'Readiness', 'Battle Rhythm', 'Deceit']
[DEBUG] effect_priority_zone: {'1': ['bleed', 'draw', 'trash', 'gear', 'blessing', 'priestess', 'heal', 'poison', 'spy', 'stun', 'damage'], '2': ['bleed', 'gear', 'draw', 'damage', 'trash', 'priestess', 'spy', 'heal', 'poison', 'stun', 'blessing'], '3': ['gear', 'bleed', 'draw', 'heal', 'damage', 'trash', 'priestess', 'spy', 'stun', 'poison', 'blessing']}
[93m  Куплена карта: Deceit[0m
[93m  Blessing на ход: 6, потрачено: 4[0m
[93m  Доступные для покупки: ['Battle Rhythm', 'Heal Bash'][0m
[93m[DEBUG] market.trade_row после refill: ['Stuning Light(7)', 'Reaper’s Scythe(5)', 'Readiness(3)', 'Battle Rhythm(1)', 'Heal Bash(2)'][0m
[DEBUG-PRIO] zone_key: 3, effect_priority dict keys: ['1', '2', '3']
[DEBUG-PRIO] effect_priority_zone: ['gear', 'bleed', 'draw', 'heal', 'damage', 'trash', 'priestess', 'spy', 'stun', 'poison', 'blessing']
[DEBUG-PRIO] effect_priority_main: ['gear', 'bleed', 'draw', 'heal', 'damage', 'trash']
[DEBUG] [0] Stuning Light: эффекты=['damage', 'stun', 'draw', 'b_chain', 'stun', 'destroy'], ищем в=['gear', 'bleed', 'draw', 'heal', 'damage', 'trash'], подходит=True
[DEBUG] [1] Reaper’s Scythe: эффекты=['r_chain', 'damage', 'def_n_text'], ищем в=['gear', 'bleed', 'draw', 'heal', 'damage', 'trash'], подходит=True
[DEBUG] [2] Readiness: эффекты=['w_chain', 'ready'], ищем в=['gear', 'bleed', 'draw', 'heal', 'damage', 'trash'], подходит=False
[DEBUG] [3] Battle Rhythm: эффекты=['stun', 'damage'], ищем в=['gear', 'bleed', 'draw', 'heal', 'damage', 'trash'], подходит=True
[DEBUG] [4] Heal Bash: эффекты=['heal', 'blessing', 'w_chain', 'damage'], ищем в=['gear', 'bleed', 'draw', 'heal', 'damage', 'trash'], подходит=True
[DEBUG-CHECK] Battle Rhythm: эффекты=['stun', 'damage'], ищем в=['gear', 'bleed', 'draw', 'heal', 'damage', 'trash'], результат=True
[DEBUG-CHECK-RAW] Battle Rhythm: raw_eff=('stun', '1')
[DEBUG-CHECK-RAW] Battle Rhythm: raw_eff=('damage', '2')
[DEBUG-CHECK] Heal Bash: эффекты=['heal', 'blessing', 'w_chain', 'damage'], ищем в=['gear', 'bleed', 'draw', 'heal', 'damage', 'trash'], результат=True
[DEBUG-CHECK-RAW] Heal Bash: raw_eff=('heal', '3')
[DEBUG-CHECK-RAW] Heal Bash: raw_eff=('blessing', '2')
[DEBUG-CHECK-RAW] Heal Bash: raw_eff=('w_chain', None)
[DEBUG-CHECK-RAW] Heal Bash: raw_eff=('damage', '4')
[DEBUG] filtered (после фильтрации): ['Battle Rhythm', 'Heal Bash']
[DEBUG] effect_priority_zone: {'1': ['bleed', 'draw', 'trash', 'gear', 'blessing', 'priestess', 'heal', 'poison', 'spy', 'stun', 'damage'], '2': ['bleed', 'gear', 'draw', 'damage', 'trash', 'priestess', 'spy', 'heal', 'poison', 'stun', 'blessing'], '3': ['gear', 'bleed', 'draw', 'heal', 'damage', 'trash', 'priestess', 'spy', 'stun', 'poison', 'blessing']}
[93m  Куплена карта: Heal Bash[0m
[93m  Blessing на ход: 6, потрачено: 6[0m
[93m  Доступные для покупки: [][0m
[93m[DEBUG] market.trade_row после refill: ['Stuning Light(7)', 'Reaper’s Scythe(5)', 'Readiness(3)', 'Battle Rhythm(1)', 'Omnipresent Step Boots(4)'][0m
[DEBUG-PRIO] zone_key: 3, effect_priority dict keys: ['1', '2', '3']
[DEBUG-PRIO] effect_priority_zone: ['gear', 'bleed', 'draw', 'heal', 'damage', 'trash', 'priestess', 'spy', 'stun', 'poison', 'blessing']
[DEBUG-PRIO] effect_priority_main: ['gear', 'bleed', 'draw', 'heal', 'damage', 'trash']
[DEBUG] [0] Stuning Light: эффекты=['damage', 'stun', 'draw', 'b_chain', 'stun', 'destroy'], ищем в=['gear', 'bleed', 'draw', 'heal', 'damage', 'trash'], подходит=True
[DEBUG] [1] Reaper’s Scythe: эффекты=['r_chain', 'damage', 'def_n_text'], ищем в=['gear', 'bleed', 'draw', 'heal', 'damage', 'trash'], подходит=True
[DEBUG] [2] Readiness: эффекты=['w_chain', 'ready'], ищем в=['gear', 'bleed', 'draw', 'heal', 'damage', 'trash'], подходит=False
[DEBUG] [3] Battle Rhythm: эффекты=['stun', 'damage'], ищем в=['gear', 'bleed', 'draw', 'heal', 'damage', 'trash'], подходит=True
[DEBUG] [4] Omnipresent Step Boots: эффекты=['draw', 'discard', 'def_y_text'], ищем в=['gear', 'bleed', 'draw', 'heal', 'damage', 'trash'], подходит=True
[DEBUG] filtered (после фильтрации): []
[DEBUG] effect_priority_zone: {'1': ['bleed', 'draw', 'trash', 'gear', 'blessing', 'priestess', 'heal', 'poison', 'spy', 'stun', 'damage'], '2': ['bleed', 'gear', 'draw', 'damage', 'trash', 'priestess', 'spy', 'heal', 'poison', 'stun', 'blessing'], '3': ['gear', 'bleed', 'draw', 'heal', 'damage', 'trash', 'priestess', 'spy', 'stun', 'poison', 'blessing']}
[94m
=== Ход 3 (P2) ===[0m
[94m[DEBUG] P2 старт хода: hand=['Prayer', 'Prayer', 'Strike', 'Prayer', 'Strike'], deck=['Dash', 'Priestess', 'Festering Wound', 'Prayer', 'Prayer', 'Strike', 'Prayer', 'Prayer'], discard=[][0m
[94m[PLAYER] P2 (начало): HP=47, Poison=0, Bleed=0[0m
[94mHand(5): ['Prayer', 'Prayer', 'Strike', 'Prayer', 'Strike'][0m
[94mDeck(8): ['Dash', 'Priestess', 'Festering Wound', 'Prayer', 'Prayer', 'Strike', 'Prayer', 'Prayer'][0m
[94mDiscard(0): [][0m
[94mTrash(0): [][0m
[94mHP: 47[0m
[94mPoison: 0[0m
[94mBleed: 0[0m
[94m         Hand(5): ['Prayer', 'Prayer', 'Strike', 'Prayer', 'Strike'][0m
[94m         Deck(8): ['Dash', 'Priestess', 'Festering Wound', 'Prayer', 'Prayer', 'Strike', 'Prayer', 'Prayer'][0m
[94m         Discard(0): [][0m
[94m         Gear(0): [][0m
[94m         Trash(0): [][0m
[94m[DEBUG] Разыгрывается Prayer: effect1='{Blessing 1}' -> [('blessing', '1')][0m
[94m[DEBUG] Разыгрывается Prayer: effect2='None' -> [][0m
[94m[DEBUG] Разыгрывается карта Prayer, эффекты к применению: [('blessing', '1')][0m
[94m[DEBUG] Разыгрывается Prayer: effect1='{Blessing 1}' -> [('blessing', '1')][0m
[94m[DEBUG] Разыгрывается Prayer: effect2='None' -> [][0m
[94m[DEBUG] Разыгрывается карта Prayer, эффекты к применению: [('blessing', '1')][0m
[94m[DEBUG] Разыгрывается Strike: effect1='{Damage 1}' -> [('damage', '1')][0m
[94m[DEBUG] Разыгрывается Strike: effect2='None' -> [][0m
[94m[DEBUG] Разыгрывается карта Strike, эффекты к применению: [('damage', '1')][0m
[94m[DEBUG] Разыгрывается Prayer: effect1='{Blessing 1}' -> [('blessing', '1')][0m
[94m[DEBUG] Разыгрывается Prayer: effect2='None' -> [][0m
[94m[DEBUG] Разыгрывается карта Prayer, эффекты к применению: [('blessing', '1')][0m
[94m[DEBUG] Разыгрывается Strike: effect1='{Damage 1}' -> [('damage', '1')][0m
[94m[DEBUG] Разыгрывается Strike: effect2='None' -> [][0m
[94m[DEBUG] Разыгрывается карта Strike, эффекты к применению: [('damage', '1')][0m
[93m  Blessing на ход: 3, потрачено: 0[0m
[93m  Доступные для покупки: ['Readiness', 'Battle Rhythm'][0m
[93m[DEBUG] market.trade_row после refill: ['Stuning Light(7)', 'Reaper’s Scythe(5)', 'Readiness(3)', 'Battle Rhythm(1)', 'Omnipresent Step Boots(4)'][0m
[DEBUG-PRIO] zone_key: 3, effect_priority dict keys: ['1', '2', '3']
[DEBUG-PRIO] effect_priority_zone: ['draw', 'heal', 'poison', 'bleed', 'trash', 'priestess', 'gear', 'spy', 'stun', 'blessing', 'damage']
[DEBUG-PRIO] effect_priority_main: ['draw', 'heal', 'poison', 'bleed', 'trash']
[DEBUG] [0] Stuning Light: эффекты=['damage', 'stun', 'draw', 'b_chain', 'stun', 'destroy'], ищем в=['draw', 'heal', 'poison', 'bleed', 'trash'], подходит=True
[DEBUG] [1] Reaper’s Scythe: эффекты=['r_chain', 'damage', 'def_n_text'], ищем в=['draw', 'heal', 'poison', 'bleed', 'trash'], подходит=False
[DEBUG] [2] Readiness: эффекты=['w_chain', 'ready'], ищем в=['draw', 'heal', 'poison', 'bleed', 'trash'], подходит=False
[DEBUG] [3] Battle Rhythm: эффекты=['stun', 'damage'], ищем в=['draw', 'heal', 'poison', 'bleed', 'trash'], подходит=False
[DEBUG] [4] Omnipresent Step Boots: эффекты=['draw', 'discard', 'def_y_text'], ищем в=['draw', 'heal', 'poison', 'bleed', 'trash'], подходит=True
[DEBUG-CHECK] Readiness: эффекты=['heal', 'heal_bleed', 'heal_poison', 'w_chain', 'ready'], ищем в=['draw', 'heal', 'poison', 'bleed', 'trash'], результат=True
[DEBUG-CHECK-RAW] Readiness: raw_eff=[('heal', '4')]
[DEBUG-CHECK-RAW] Readiness: raw_eff=[('heal_bleed', '2'), ('heal_poison', '2')]
[DEBUG-CHECK-RAW] Readiness: raw_eff=('w_chain', None)
[DEBUG-CHECK-RAW] Readiness: raw_eff=('ready', '1')
[DEBUG-CHECK] Battle Rhythm: эффекты=['stun', 'damage'], ищем в=['draw', 'heal', 'poison', 'bleed', 'trash'], результат=False
[DEBUG-CHECK-RAW] Battle Rhythm: raw_eff=('stun', '1')
[DEBUG-CHECK-RAW] Battle Rhythm: raw_eff=('damage', '2')
[DEBUG] filtered (после фильтрации): ['Readiness']
[DEBUG] effect_priority_zone: {'1': ['draw', 'heal', 'poison', 'bleed', 'trash', 'priestess', 'gear', 'spy', 'stun', 'blessing', 'damage'], '2': ['draw', 'heal', 'poison', 'bleed', 'trash', 'priestess', 'gear', 'spy', 'stun', 'blessing', 'damage'], '3': ['draw', 'heal', 'poison', 'bleed', 'trash', 'priestess', 'gear', 'spy', 'stun', 'blessing', 'damage']}
[93m  Куплена карта: Readiness[0m
[93m  Blessing на ход: 3, потрачено: 3[0m
[93m  Доступные для покупки: [][0m
[93m[DEBUG] market.trade_row после refill: ['Stuning Light(7)', 'Reaper’s Scythe(5)', 'Battle Rhythm(1)', 'Omnipresent Step Boots(4)', 'Gloves of Illusion(5)'][0m
[DEBUG-PRIO] zone_key: 3, effect_priority dict keys: ['1', '2', '3']
[DEBUG-PRIO] effect_priority_zone: ['draw', 'heal', 'poison', 'bleed', 'trash', 'priestess', 'gear', 'spy', 'stun', 'blessing', 'damage']
[DEBUG-PRIO] effect_priority_main: ['draw', 'heal', 'poison', 'bleed', 'trash']
[DEBUG] [0] Stuning Light: эффекты=['damage', 'stun', 'draw', 'b_chain', 'stun', 'destroy'], ищем в=['draw', 'heal', 'poison', 'bleed', 'trash'], подходит=True
[DEBUG] [1] Reaper’s Scythe: эффекты=['r_chain', 'damage', 'def_n_text'], ищем в=['draw', 'heal', 'poison', 'bleed', 'trash'], подходит=False
[DEBUG] [2] Battle Rhythm: эффекты=['stun', 'damage'], ищем в=['draw', 'heal', 'poison', 'bleed', 'trash'], подходит=False
[DEBUG] [3] Omnipresent Step Boots: эффекты=['draw', 'discard', 'def_y_text'], ищем в=['draw', 'heal', 'poison', 'bleed', 'trash'], подходит=True
[DEBUG] [4] Gloves of Illusion: эффекты=['b_chain', 'spy', 'def_n_text'], ищем в=['draw', 'heal', 'poison', 'bleed', 'trash'], подходит=False
[DEBUG] filtered (после фильтрации): []
[DEBUG] effect_priority_zone: {'1': ['draw', 'heal', 'poison', 'bleed', 'trash', 'priestess', 'gear', 'spy', 'stun', 'blessing', 'damage'], '2': ['draw', 'heal', 'poison', 'bleed', 'trash', 'priestess', 'gear', 'spy', 'stun', 'blessing', 'damage'], '3': ['draw', 'heal', 'poison', 'bleed', 'trash', 'priestess', 'gear', 'spy', 'stun', 'blessing', 'damage']}
[92m
=== Ход 4 (P1) ===[0m
[92m[DEBUG] P1 старт хода: hand=['Prayer', 'Strike', 'Prayer', 'Strike', 'Prayer'], deck=['Strike'], discard=['Prayer', 'Prayer', 'Prayer', 'Battle Rhythm', 'Deceit', 'Heal Bash', 'Leather Armor'][0m
[92m[PLAYER] P1 (начало): HP=37, Poison=0, Bleed=0[0m
[92mHand(5): ['Prayer', 'Strike', 'Prayer', 'Strike', 'Prayer'][0m
[92mDeck(1): ['Strike'][0m
[92mDiscard(7): ['Prayer', 'Prayer', 'Prayer', 'Battle Rhythm', 'Deceit', 'Heal Bash', 'Leather Armor'][0m
[92mTrash(1): ['Prayer'][0m
[92mHP: 37[0m
[92mPoison: 0[0m
[92mBleed: 0[0m
[92m         Hand(5): ['Prayer', 'Strike', 'Prayer', 'Strike', 'Prayer'][0m
[92m         Deck(1): ['Strike'][0m
[92m         Discard(7): ['Prayer', 'Prayer', 'Prayer', 'Battle Rhythm', 'Deceit', 'Heal Bash', 'Leather Armor'][0m
[92m         Gear(1): ['Runeward Circlet'][0m
[92m         Trash(1): ['Prayer'][0m
[92m[DEBUG] Разыгрывается Prayer: effect1='{Blessing 1}' -> [('blessing', '1')][0m
[92m[DEBUG] Разыгрывается Prayer: effect2='None' -> [][0m
[92m[DEBUG] Разыгрывается карта Prayer, эффекты к применению: [('blessing', '1')][0m
[92m[DEBUG] Разыгрывается Strike: effect1='{Damage 1}' -> [('damage', '1')][0m
[92m[DEBUG] Разыгрывается Strike: effect2='None' -> [][0m
[92m[DEBUG] Разыгрывается карта Strike, эффекты к применению: [('damage', '1')][0m
[92m[DEBUG] Разыгрывается Prayer: effect1='{Blessing 1}' -> [('blessing', '1')][0m
[92m[DEBUG] Разыгрывается Prayer: effect2='None' -> [][0m
[92m[DEBUG] Разыгрывается карта Prayer, эффекты к применению: [('blessing', '1')][0m
[92m[DEBUG] Разыгрывается Strike: effect1='{Damage 1}' -> [('damage', '1')][0m
[92m[DEBUG] Разыгрывается Strike: effect2='None' -> [][0m
[92m[DEBUG] Разыгрывается карта Strike, эффекты к применению: [('damage', '1')][0m
[92m[DEBUG] Разыгрывается Prayer: effect1='{Blessing 1}' -> [('blessing', '1')][0m
[92m[DEBUG] Разыгрывается Prayer: effect2='None' -> [][0m
[92m[DEBUG] Разыгрывается карта Prayer, эффекты к применению: [('blessing', '1')][0m
[93m  Blessing на ход: 3, потрачено: 0[0m
[93m  Доступные для покупки: ['Battle Rhythm'][0m
[93m[DEBUG] market.trade_row после refill: ['Stuning Light(7)', 'Reaper’s Scythe(5)', 'Battle Rhythm(1)', 'Omnipresent Step Boots(4)', 'Gloves of Illusion(5)'][0m
[DEBUG-PRIO] zone_key: 4, effect_priority dict keys: ['1', '2', '3']
[DEBUG-PRIO] effect_priority_zone: []
[DEBUG-PRIO] effect_priority_main: []
[DEBUG] [0] Stuning Light: эффекты=['damage', 'stun', 'draw', 'b_chain', 'stun', 'destroy'], ищем в=[], подходит=False
[DEBUG] [1] Reaper’s Scythe: эффекты=['r_chain', 'damage', 'def_n_text'], ищем в=[], подходит=False
[DEBUG] [2] Battle Rhythm: эффекты=['stun', 'damage'], ищем в=[], подходит=False
[DEBUG] [3] Omnipresent Step Boots: эффекты=['draw', 'discard', 'def_y_text'], ищем в=[], подходит=False
[DEBUG] [4] Gloves of Illusion: эффекты=['b_chain', 'spy', 'def_n_text'], ищем в=[], подходит=False
[DEBUG-CHECK] Battle Rhythm: эффекты=['stun', 'damage'], ищем в=[], результат=False
[DEBUG-CHECK-RAW] Battle Rhythm: raw_eff=('stun', '1')
[DEBUG-CHECK-RAW] Battle Rhythm: raw_eff=('damage', '2')
[DEBUG] filtered (после фильтрации): []
[DEBUG] effect_priority_zone: {'1': ['bleed', 'draw', 'trash', 'gear', 'blessing', 'priestess', 'heal', 'poison', 'spy', 'stun', 'damage'], '2': ['bleed', 'gear', 'draw', 'damage', 'trash', 'priestess', 'spy', 'heal', 'poison', 'stun', 'blessing'], '3': ['gear', 'bleed', 'draw', 'heal', 'damage', 'trash', 'priestess', 'spy', 'stun', 'poison', 'blessing']}
[93m  Куплена карта: Priestess (bulk)[0m
[94m
=== Ход 4 (P2) ===[0m
[94m[DEBUG] P2 старт хода: hand=['Prayer', 'Prayer', 'Strike', 'Prayer', 'Prayer'], deck=['Dash', 'Priestess', 'Festering Wound'], discard=['Prayer', 'Prayer', 'Strike', 'Prayer', 'Strike', 'Readiness'][0m
[94m[PLAYER] P2 (начало): HP=45, Poison=0, Bleed=0[0m
[94mHand(5): ['Prayer', 'Prayer', 'Strike', 'Prayer', 'Prayer'][0m
[94mDeck(3): ['Dash', 'Priestess', 'Festering Wound'][0m
[94mDiscard(6): ['Prayer', 'Prayer', 'Strike', 'Prayer', 'Strike', 'Readiness'][0m
[94mTrash(0): [][0m
[94mHP: 45[0m
[94mPoison: 0[0m
[94mBleed: 0[0m
[94m         Hand(5): ['Prayer', 'Prayer', 'Strike', 'Prayer', 'Prayer'][0m
[94m         Deck(3): ['Dash', 'Priestess', 'Festering Wound'][0m
[94m         Discard(6): ['Prayer', 'Prayer', 'Strike', 'Prayer', 'Strike', 'Readiness'][0m
[94m         Gear(0): [][0m
[94m         Trash(0): [][0m
[94m[DEBUG] Разыгрывается Prayer: effect1='{Blessing 1}' -> [('blessing', '1')][0m
[94m[DEBUG] Разыгрывается Prayer: effect2='None' -> [][0m
[94m[DEBUG] Разыгрывается карта Prayer, эффекты к применению: [('blessing', '1')][0m
[94m[DEBUG] Разыгрывается Prayer: effect1='{Blessing 1}' -> [('blessing', '1')][0m
[94m[DEBUG] Разыгрывается Prayer: effect2='None' -> [][0m
[94m[DEBUG] Разыгрывается карта Prayer, эффекты к применению: [('blessing', '1')][0m
[94m[DEBUG] Разыгрывается Strike: effect1='{Damage 1}' -> [('damage', '1')][0m
[94m[DEBUG] Разыгрывается Strike: effect2='None' -> [][0m
[94m[DEBUG] Разыгрывается карта Strike, эффекты к применению: [('damage', '1')][0m
[94m[DEBUG] Разыгрывается Prayer: effect1='{Blessing 1}' -> [('blessing', '1')][0m
[94m[DEBUG] Разыгрывается Prayer: effect2='None' -> [][0m
[94m[DEBUG] Разыгрывается карта Prayer, эффекты к применению: [('blessing', '1')][0m
[94m[DEBUG] Разыгрывается Prayer: effect1='{Blessing 1}' -> [('blessing', '1')][0m
[94m[DEBUG] Разыгрывается Prayer: effect2='None' -> [][0m
[94m[DEBUG] Разыгрывается карта Prayer, эффекты к применению: [('blessing', '1')][0m
[93m  Blessing на ход: 4, потрачено: 0[0m
[93m  Доступные для покупки: ['Battle Rhythm', 'Omnipresent Step Boots'][0m
[93m[DEBUG] market.trade_row после refill: ['Stuning Light(7)', 'Reaper’s Scythe(5)', 'Battle Rhythm(1)', 'Omnipresent Step Boots(4)', 'Gloves of Illusion(5)'][0m
[DEBUG-PRIO] zone_key: 4, effect_priority dict keys: ['1', '2', '3']
[DEBUG-PRIO] effect_priority_zone: []
[DEBUG-PRIO] effect_priority_main: []
[DEBUG] [0] Stuning Light: эффекты=['damage', 'stun', 'draw', 'b_chain', 'stun', 'destroy'], ищем в=[], подходит=False
[DEBUG] [1] Reaper’s Scythe: эффекты=['r_chain', 'damage', 'def_n_text'], ищем в=[], подходит=False
[DEBUG] [2] Battle Rhythm: эффекты=['stun', 'damage'], ищем в=[], подходит=False
[DEBUG] [3] Omnipresent Step Boots: эффекты=['draw', 'discard', 'def_y_text'], ищем в=[], подходит=False
[DEBUG] [4] Gloves of Illusion: эффекты=['b_chain', 'spy', 'def_n_text'], ищем в=[], подходит=False
[DEBUG-CHECK] Battle Rhythm: эффекты=['stun', 'damage'], ищем в=[], результат=False
[DEBUG-CHECK-RAW] Battle Rhythm: raw_eff=('stun', '1')
[DEBUG-CHECK-RAW] Battle Rhythm: raw_eff=('damage', '2')
[DEBUG-CHECK] Omnipresent Step Boots: эффекты=['draw', 'discard', 'trash_this', 'ready', 'def_y_text'], ищем в=[], результат=False
[DEBUG-CHECK-RAW] Omnipresent Step Boots: raw_eff=('draw', '2')
[DEBUG-CHECK-RAW] Omnipresent Step Boots: raw_eff=('discard', '1')
[DEBUG-CHECK-RAW] Omnipresent Step Boots: raw_eff=[('trash_this', None)]
[DEBUG-CHECK-RAW] Omnipresent Step Boots: raw_eff=[('ready', '1')]
[DEBUG-CHECK-RAW] Omnipresent Step Boots: raw_eff=('def_y_text', '4')
[DEBUG] filtered (после фильтрации): []
[DEBUG] effect_priority_zone: {'1': ['draw', 'heal', 'poison', 'bleed', 'trash', 'priestess', 'gear', 'spy', 'stun', 'blessing', 'damage'], '2': ['draw', 'heal', 'poison', 'bleed', 'trash', 'priestess', 'gear', 'spy', 'stun', 'blessing', 'damage'], '3': ['draw', 'heal', 'poison', 'bleed', 'trash', 'priestess', 'gear', 'spy', 'stun', 'blessing', 'damage']}
[93m  Куплена карта: Priestess (bulk)[0m
[93m  Куплена карта: Priestess (bulk)[0m
[92m
=== Ход 5 (P1) ===[0m
[92m[DEBUG] P1 старт хода: hand=['Strike', 'Prayer', 'Prayer', 'Priestess', 'Prayer'], deck=['Prayer', 'Battle Rhythm', 'Strike', 'Heal Bash', 'Prayer', 'Prayer', 'Strike', 'Leather Armor', 'Deceit'], discard=[][0m
[92m[PLAYER] P1 (начало): HP=37, Poison=0, Bleed=0[0m
[92mHand(5): ['Strike', 'Prayer', 'Prayer', 'Priestess', 'Prayer'][0m
[92mDeck(9): ['Prayer', 'Battle Rhythm', 'Strike', 'Heal Bash', 'Prayer', 'Prayer', 'Strike', 'Leather Armor', 'Deceit'][0m
[92mDiscard(0): [][0m
[92mTrash(1): ['Prayer'][0m
[92mHP: 37[0m
[92mPoison: 0[0m
[92mBleed: 0[0m
[92m         Hand(5): ['Strike', 'Prayer', 'Prayer', 'Priestess', 'Prayer'][0m
[92m         Deck(9): ['Prayer', 'Battle Rhythm', 'Strike', 'Heal Bash', 'Prayer', 'Prayer', 'Strike', 'Leather Armor', 'Deceit'][0m
[92m         Discard(0): [][0m
[92m         Gear(1): ['Runeward Circlet'][0m
[92m         Trash(1): ['Prayer'][0m
[92m[DEBUG] Разыгрывается Strike: effect1='{Damage 1}' -> [('damage', '1')][0m
[92m[DEBUG] Разыгрывается Strike: effect2='None' -> [][0m
[92m[DEBUG] Разыгрывается карта Strike, эффекты к применению: [('damage', '1')][0m
[92m[DEBUG] Разыгрывается Prayer: effect1='{Blessing 1}' -> [('blessing', '1')][0m
[92m[DEBUG] Разыгрывается Prayer: effect2='None' -> [][0m
[92m[DEBUG] Разыгрывается карта Prayer, эффекты к применению: [('blessing', '1')][0m
[92m[DEBUG] Разыгрывается Prayer: effect1='{Blessing 1}' -> [('blessing', '1')][0m
[92m[DEBUG] Разыгрывается Prayer: effect2='None' -> [][0m
[92m[DEBUG] Разыгрывается карта Prayer, эффекты к применению: [('blessing', '1')][0m
[92m[DEBUG] Разыгрывается Priestess: effect1='{Blessing 2}' -> [('blessing', '2')][0m
[92m[DEBUG] Разыгрывается Priestess: effect2='{Trash_this}TO{Damage 2}{Discard Monster}' -> [[('trash_this', None)], [('damage', '2'), ('discard', 'Monster')]][0m
[92m[DEBUG] Разыгрывается карта Priestess, эффекты к применению: [('blessing', '2'), [('trash_this', None)], [('damage', '2'), ('discard', 'Monster')]][0m
[92m[DEBUG] Разыгрывается Prayer: effect1='{Blessing 1}' -> [('blessing', '1')][0m
[92m[DEBUG] Разыгрывается Prayer: effect2='None' -> [][0m
[92m[DEBUG] Разыгрывается карта Prayer, эффекты к применению: [('blessing', '1')][0m
[93m  Blessing на ход: 5, потрачено: 0[0m
[93m  Доступные для покупки: ['Reaper’s Scythe', 'Battle Rhythm', 'Omnipresent Step Boots', 'Gloves of Illusion'][0m
[93m[DEBUG] market.trade_row после refill: ['Stuning Light(7)', 'Reaper’s Scythe(5)', 'Battle Rhythm(1)', 'Omnipresent Step Boots(4)', 'Gloves of Illusion(5)'][0m
[DEBUG-PRIO] zone_key: 2, effect_priority dict keys: ['1', '2', '3']
[DEBUG-PRIO] effect_priority_zone: ['bleed', 'gear', 'draw', 'damage', 'trash', 'priestess', 'spy', 'heal', 'poison', 'stun', 'blessing']
[DEBUG-PRIO] effect_priority_main: ['bleed', 'gear', 'draw', 'damage', 'trash']
[DEBUG] [0] Stuning Light: эффекты=['damage', 'stun', 'draw', 'b_chain', 'stun', 'destroy'], ищем в=['bleed', 'gear', 'draw', 'damage', 'trash'], подходит=True
[DEBUG] [1] Reaper’s Scythe: эффекты=['r_chain', 'damage', 'def_n_text'], ищем в=['bleed', 'gear', 'draw', 'damage', 'trash'], подходит=True
[DEBUG] [2] Battle Rhythm: эффекты=['stun', 'damage'], ищем в=['bleed', 'gear', 'draw', 'damage', 'trash'], подходит=True
[DEBUG] [3] Omnipresent Step Boots: эффекты=['draw', 'discard', 'def_y_text'], ищем в=['bleed', 'gear', 'draw', 'damage', 'trash'], подходит=True
[DEBUG] [4] Gloves of Illusion: эффекты=['b_chain', 'spy', 'def_n_text'], ищем в=['bleed', 'gear', 'draw', 'damage', 'trash'], подходит=False
[DEBUG-CHECK] Reaper’s Scythe: is_gear=True, ищем в=['bleed', 'gear', 'draw', 'damage', 'trash'], результат=True
[DEBUG-CHECK] Battle Rhythm: эффекты=['stun', 'damage'], ищем в=['bleed', 'gear', 'draw', 'damage', 'trash'], результат=True
[DEBUG-CHECK-RAW] Battle Rhythm: raw_eff=('stun', '1')
[DEBUG-CHECK-RAW] Battle Rhythm: raw_eff=('damage', '2')
[DEBUG-CHECK] Omnipresent Step Boots: is_gear=True, ищем в=['bleed', 'gear', 'draw', 'damage', 'trash'], результат=True
[DEBUG-CHECK] Gloves of Illusion: is_gear=True, ищем в=['bleed', 'gear', 'draw', 'damage', 'trash'], результат=True
[DEBUG] filtered (после фильтрации): ['Reaper’s Scythe', 'Battle Rhythm', 'Omnipresent Step Boots', 'Gloves of Illusion']
[DEBUG] effect_priority_zone: {'1': ['bleed', 'draw', 'trash', 'gear', 'blessing', 'priestess', 'heal', 'poison', 'spy', 'stun', 'damage'], '2': ['bleed', 'gear', 'draw', 'damage', 'trash', 'priestess', 'spy', 'heal', 'poison', 'stun', 'blessing'], '3': ['gear', 'bleed', 'draw', 'heal', 'damage', 'trash', 'priestess', 'spy', 'stun', 'poison', 'blessing']}
[93m  Куплена карта: Omnipresent Step Boots[0m
[93m  Blessing на ход: 5, потрачено: 4[0m
[93m  Доступные для покупки: ['Battle Rhythm'][0m
[93m[DEBUG] market.trade_row после refill: ['Stuning Light(7)', 'Reaper’s Scythe(5)', 'Battle Rhythm(1)', 'Gloves of Illusion(5)', 'Resilience(4)'][0m
[DEBUG-PRIO] zone_key: 2, effect_priority dict keys: ['1', '2', '3']
[DEBUG-PRIO] effect_priority_zone: ['bleed', 'gear', 'draw', 'damage', 'trash', 'priestess', 'spy', 'heal', 'poison', 'stun', 'blessing']
[DEBUG-PRIO] effect_priority_main: ['bleed', 'gear', 'draw', 'damage', 'trash']
[DEBUG] [0] Stuning Light: эффекты=['damage', 'stun', 'draw', 'b_chain', 'stun', 'destroy'], ищем в=['bleed', 'gear', 'draw', 'damage', 'trash'], подходит=True
[DEBUG] [1] Reaper’s Scythe: эффекты=['r_chain', 'damage', 'def_n_text'], ищем в=['bleed', 'gear', 'draw', 'damage', 'trash'], подходит=True
[DEBUG] [2] Battle Rhythm: эффекты=['stun', 'damage'], ищем в=['bleed', 'gear', 'draw', 'damage', 'trash'], подходит=True
[DEBUG] [3] Gloves of Illusion: эффекты=['b_chain', 'spy', 'def_n_text'], ищем в=['bleed', 'gear', 'draw', 'damage', 'trash'], подходит=False
[DEBUG] [4] Resilience: эффекты=['draw', 'blessing', 'if_discarded', 'heal', 'heal_bleed', 'heal_poison'], ищем в=['bleed', 'gear', 'draw', 'damage', 'trash'], подходит=True
[DEBUG-CHECK] Battle Rhythm: эффекты=['stun', 'damage'], ищем в=['bleed', 'gear', 'draw', 'damage', 'trash'], результат=True
[DEBUG-CHECK-RAW] Battle Rhythm: raw_eff=('stun', '1')
[DEBUG-CHECK-RAW] Battle Rhythm: raw_eff=('damage', '2')
[DEBUG] filtered (после фильтрации): ['Battle Rhythm']
[DEBUG] effect_priority_zone: {'1': ['bleed', 'draw', 'trash', 'gear', 'blessing', 'priestess', 'heal', 'poison', 'spy', 'stun', 'damage'], '2': ['bleed', 'gear', 'draw', 'damage', 'trash', 'priestess', 'spy', 'heal', 'poison', 'stun', 'blessing'], '3': ['gear', 'bleed', 'draw', 'heal', 'damage', 'trash', 'priestess', 'spy', 'stun', 'poison', 'blessing']}
[93m  Куплена карта: Battle Rhythm[0m
[93m  Blessing на ход: 5, потрачено: 5[0m
[93m  Доступные для покупки: [][0m
[93m[DEBUG] market.trade_row после refill: ['Stuning Light(7)', 'Reaper’s Scythe(5)', 'Gloves of Illusion(5)', 'Resilience(4)', 'Quick Response(2)'][0m
[DEBUG-PRIO] zone_key: 2, effect_priority dict keys: ['1', '2', '3']
[DEBUG-PRIO] effect_priority_zone: ['bleed', 'gear', 'draw', 'damage', 'trash', 'priestess', 'spy', 'heal', 'poison', 'stun', 'blessing']
[DEBUG-PRIO] effect_priority_main: ['bleed', 'gear', 'draw', 'damage', 'trash']
[DEBUG] [0] Stuning Light: эффекты=['damage', 'stun', 'draw', 'b_chain', 'stun', 'destroy'], ищем в=['bleed', 'gear', 'draw', 'damage', 'trash'], подходит=True
[DEBUG] [1] Reaper’s Scythe: эффекты=['r_chain', 'damage', 'def_n_text'], ищем в=['bleed', 'gear', 'draw', 'damage', 'trash'], подходит=True
[DEBUG] [2] Gloves of Illusion: эффекты=['b_chain', 'spy', 'def_n_text'], ищем в=['bleed', 'gear', 'draw', 'damage', 'trash'], подходит=False
[DEBUG] [3] Resilience: эффекты=['draw', 'blessing', 'if_discarded', 'heal', 'heal_bleed', 'heal_poison'], ищем в=['bleed', 'gear', 'draw', 'damage', 'trash'], подходит=True
[DEBUG] [4] Quick Response: эффекты=['w_chain', 'damage', 'blessing'], ищем в=['bleed', 'gear', 'draw', 'damage', 'trash'], подходит=True
[DEBUG] filtered (после фильтрации): []
[DEBUG] effect_priority_zone: {'1': ['bleed', 'draw', 'trash', 'gear', 'blessing', 'priestess', 'heal', 'poison', 'spy', 'stun', 'damage'], '2': ['bleed', 'gear', 'draw', 'damage', 'trash', 'priestess', 'spy', 'heal', 'poison', 'stun', 'blessing'], '3': ['gear', 'bleed', 'draw', 'heal', 'damage', 'trash', 'priestess', 'spy', 'stun', 'poison', 'blessing']}
[94m
=== Ход 5 (P2) ===[0m
[94m[DEBUG] P2 старт хода: hand=['Festering Wound', 'Priestess', 'Dash', 'Prayer', 'Prayer'], deck=['Prayer', 'Strike', 'Prayer', 'Readiness', 'Prayer', 'Priestess', 'Strike', 'Strike', 'Priestess', 'Prayer', 'Prayer'], discard=[][0m
[94m[PLAYER] P2 (начало): HP=44, Poison=0, Bleed=0[0m
[94mHand(5): ['Festering Wound', 'Priestess', 'Dash', 'Prayer', 'Prayer'][0m
[94mDeck(11): ['Prayer', 'Strike', 'Prayer', 'Readiness', 'Prayer', 'Priestess', 'Strike', 'Strike', 'Priestess', 'Prayer', 'Prayer'][0m
[94mDiscard(0): [][0m
[94mTrash(0): [][0m
[94mHP: 44[0m
[94mPoison: 0[0m
[94mBleed: 0[0m
[94m         Hand(5): ['Festering Wound', 'Priestess', 'Dash', 'Prayer', 'Prayer'][0m
[94m         Deck(11): ['Prayer', 'Strike', 'Prayer', 'Readiness', 'Prayer', 'Priestess', 'Strike', 'Strike', 'Priestess', 'Prayer', 'Prayer'][0m
[94m         Discard(0): [][0m
[94m         Gear(0): [][0m
[94m         Trash(0): [][0m
[94m[DEBUG] Разыгрывается Festering Wound: effect1='{Trash 1}{Poison 1}{Draw 1}' -> [('trash', '1'), ('poison', '1'), ('draw', '1')][0m
[94m[DEBUG] Разыгрывается Festering Wound: effect2='None' -> [][0m
[94m[DEBUG] Разыгрывается Festering Wound: effect1text='None' -> [][0m
[94m[DEBUG] Разыгрывается Festering Wound: effect2text='{G_chain}{Remove_poison X}TO{Damage X}' -> [[('g_chain', None), ('remove_poison', 0)], [('damage', 0)]][0m
[94m[DEBUG] Разыгрывается карта Festering Wound, эффекты к применению: [('trash', '1'), ('poison', '1'), ('draw', '1'), [('g_chain', None), ('remove_poison', 0)], [('damage', 0)]][0m
[94m[DEBUG] Разыгрывается Priestess: effect1='{Blessing 2}' -> [('blessing', '2')][0m
[94m[DEBUG] Разыгрывается Priestess: effect2='{Trash_this}TO{Damage 2}{Discard Monster}' -> [[('trash_this', None)], [('damage', '2'), ('discard', 'Monster')]][0m
[94m[DEBUG] Разыгрывается карта Priestess, эффекты к применению: [('blessing', '2'), [('trash_this', None)], [('damage', '2'), ('discard', 'Monster')]][0m
[94m[DEBUG] Разыгрывается Dash: effect1='{Damage 3}{Heal X}' -> [('damage', '3'), ('heal', 0)][0m
[94m[DEBUG] Разыгрывается Dash: effect2='{W_chain}{Blessing 2}{Draw 1}' -> [('w_chain', None), ('blessing', '2'), ('draw', '1')][0m
[94m[DEBUG] Разыгрывается Dash: effect1text='X Blessing cost of your most expensive card in Play Area' -> [][0m
[94m[DEBUG] Разыгрывается Dash: effect2text='None' -> [][0m
[94m[DEBUG] Разыгрывается карта Dash, эффекты к применению: [('damage', '3'), ('heal', 0), ('w_chain', None), ('blessing', '2'), ('draw', '1')][0m
[94m[DEBUG] Разыгрывается Prayer: effect1='{Blessing 1}' -> [('blessing', '1')][0m
[94m[DEBUG] Разыгрывается Prayer: effect2='None' -> [][0m
[94m[DEBUG] Разыгрывается карта Prayer, эффекты к применению: [('blessing', '1')][0m
[94m[DEBUG] Разыгрывается Prayer: effect1='{Blessing 1}' -> [('blessing', '1')][0m
[94m[DEBUG] Разыгрывается Prayer: effect2='None' -> [][0m
[94m[DEBUG] Разыгрывается карта Prayer, эффекты к применению: [('blessing', '1')][0m
[94m[DEBUG] Разыгрывается Prayer: effect1='{Blessing 1}' -> [('blessing', '1')][0m
[94m[DEBUG] Разыгрывается Prayer: effect2='None' -> [][0m
[94m[DEBUG] Разыгрывается карта Prayer, эффекты к применению: [('blessing', '1')][0m
[93m  Blessing на ход: 6, потрачено: 0[0m
[93m  Доступные для покупки: ['Reaper’s Scythe', 'Gloves of Illusion', 'Resilience', 'Quick Response'][0m
[93m[DEBUG] market.trade_row после refill: ['Stuning Light(7)', 'Reaper’s Scythe(5)', 'Gloves of Illusion(5)', 'Resilience(4)', 'Quick Response(2)'][0m
[DEBUG-PRIO] zone_key: 2, effect_priority dict keys: ['1', '2', '3']
[DEBUG-PRIO] effect_priority_zone: ['draw', 'heal', 'poison', 'bleed', 'trash', 'priestess', 'gear', 'spy', 'stun', 'blessing', 'damage']
[DEBUG-PRIO] effect_priority_main: ['draw', 'heal', 'poison', 'bleed', 'trash']
[DEBUG] [0] Stuning Light: эффекты=['damage', 'stun', 'draw', 'b_chain', 'stun', 'destroy'], ищем в=['draw', 'heal', 'poison', 'bleed', 'trash'], подходит=True
[DEBUG] [1] Reaper’s Scythe: эффекты=['r_chain', 'damage', 'def_n_text'], ищем в=['draw', 'heal', 'poison', 'bleed', 'trash'], подходит=False
[DEBUG] [2] Gloves of Illusion: эффекты=['b_chain', 'spy', 'def_n_text'], ищем в=['draw', 'heal', 'poison', 'bleed', 'trash'], подходит=False
[DEBUG] [3] Resilience: эффекты=['draw', 'blessing', 'if_discarded', 'heal', 'heal_bleed', 'heal_poison'], ищем в=['draw', 'heal', 'poison', 'bleed', 'trash'], подходит=True
[DEBUG] [4] Quick Response: эффекты=['w_chain', 'damage', 'blessing'], ищем в=['draw', 'heal', 'poison', 'bleed', 'trash'], подходит=False
[DEBUG-CHECK] Reaper’s Scythe: эффекты=['discard', 'bleed', 'defeat', 'r_chain', 'damage', 'def_n_text'], ищем в=['draw', 'heal', 'poison', 'bleed', 'trash'], результат=True
[DEBUG-CHECK-RAW] Reaper’s Scythe: raw_eff=[('discard', '1')]
[DEBUG-CHECK-RAW] Reaper’s Scythe: raw_eff=[('bleed', '3'), ('defeat', 'Monster')]
[DEBUG-CHECK-RAW] Reaper’s Scythe: raw_eff=('r_chain', None)
[DEBUG-CHECK-RAW] Reaper’s Scythe: raw_eff=('damage', '4')
[DEBUG-CHECK-RAW] Reaper’s Scythe: raw_eff=('def_n_text', '5')
[DEBUG-CHECK] Gloves of Illusion: эффекты=['b_chain', 'spy', 'def_n_text'], ищем в=['draw', 'heal', 'poison', 'bleed', 'trash'], результат=False
[DEBUG-CHECK-RAW] Gloves of Illusion: raw_eff=('b_chain', None)
[DEBUG-CHECK-RAW] Gloves of Illusion: raw_eff=('spy', '2')
[DEBUG-CHECK-RAW] Gloves of Illusion: raw_eff=('def_n_text', '5')
[DEBUG-CHECK] Resilience: эффекты=['draw', 'blessing', 'if_discarded', 'heal', 'heal_bleed', 'heal_poison'], ищем в=['draw', 'heal', 'poison', 'bleed', 'trash'], результат=True
[DEBUG-CHECK-RAW] Resilience: raw_eff=('draw', '1')
[DEBUG-CHECK-RAW] Resilience: raw_eff=('blessing', '3')
[DEBUG-CHECK-RAW] Resilience: raw_eff=('if_discarded', None)
[DEBUG-CHECK-RAW] Resilience: raw_eff=('heal', '2')
[DEBUG-CHECK-RAW] Resilience: raw_eff=('heal_bleed', '2')
[DEBUG-CHECK-RAW] Resilience: raw_eff=('heal_poison', '2')
[DEBUG-CHECK] Quick Response: эффекты=['heal_bleed', 'heal_poison', 'w_chain', 'damage', 'blessing'], ищем в=['draw', 'heal', 'poison', 'bleed', 'trash'], результат=False
[DEBUG-CHECK-RAW] Quick Response: raw_eff=[('heal_bleed', '3')]
[DEBUG-CHECK-RAW] Quick Response: raw_eff=[('heal_poison', '3')]
[DEBUG-CHECK-RAW] Quick Response: raw_eff=('w_chain', None)
[DEBUG-CHECK-RAW] Quick Response: raw_eff=('damage', '5')
[DEBUG-CHECK-RAW] Quick Response: raw_eff=('blessing', '2')
[DEBUG] filtered (после фильтрации): ['Reaper’s Scythe', 'Resilience']
[DEBUG] effect_priority_zone: {'1': ['draw', 'heal', 'poison', 'bleed', 'trash', 'priestess', 'gear', 'spy', 'stun', 'blessing', 'damage'], '2': ['draw', 'heal', 'poison', 'bleed', 'trash', 'priestess', 'gear', 'spy', 'stun', 'blessing', 'damage'], '3': ['draw', 'heal', 'poison', 'bleed', 'trash', 'priestess', 'gear', 'spy', 'stun', 'blessing', 'damage']}
[93m  Куплена карта: Resilience[0m
[93m  Blessing на ход: 6, потрачено: 4[0m
[93m  Доступные для покупки: ['Quick Response'][0m
[93m[DEBUG] market.trade_row после refill: ['Stuning Light(7)', 'Reaper’s Scythe(5)', 'Gloves of Illusion(5)', 'Quick Response(2)', 'Toxin(3)'][0m
[DEBUG-PRIO] zone_key: 2, effect_priority dict keys: ['1', '2', '3']
[DEBUG-PRIO] effect_priority_zone: ['draw', 'heal', 'poison', 'bleed', 'trash', 'priestess', 'gear', 'spy', 'stun', 'blessing', 'damage']
[DEBUG-PRIO] effect_priority_main: ['draw', 'heal', 'poison', 'bleed', 'trash']
[DEBUG] [0] Stuning Light: эффекты=['damage', 'stun', 'draw', 'b_chain', 'stun', 'destroy'], ищем в=['draw', 'heal', 'poison', 'bleed', 'trash'], подходит=True
[DEBUG] [1] Reaper’s Scythe: эффекты=['r_chain', 'damage', 'def_n_text'], ищем в=['draw', 'heal', 'poison', 'bleed', 'trash'], подходит=False
[DEBUG] [2] Gloves of Illusion: эффекты=['b_chain', 'spy', 'def_n_text'], ищем в=['draw', 'heal', 'poison', 'bleed', 'trash'], подходит=False
[DEBUG] [3] Quick Response: эффекты=['w_chain', 'damage', 'blessing'], ищем в=['draw', 'heal', 'poison', 'bleed', 'trash'], подходит=False
[DEBUG] [4] Toxin: эффекты=['blessing', 'poison', 'trash'], ищем в=['draw', 'heal', 'poison', 'bleed', 'trash'], подходит=True
[DEBUG-CHECK] Quick Response: эффекты=['heal_bleed', 'heal_poison', 'w_chain', 'damage', 'blessing'], ищем в=['draw', 'heal', 'poison', 'bleed', 'trash'], результат=False
[DEBUG-CHECK-RAW] Quick Response: raw_eff=[('heal_bleed', '3')]
[DEBUG-CHECK-RAW] Quick Response: raw_eff=[('heal_poison', '3')]
[DEBUG-CHECK-RAW] Quick Response: raw_eff=('w_chain', None)
[DEBUG-CHECK-RAW] Quick Response: raw_eff=('damage', '5')
[DEBUG-CHECK-RAW] Quick Response: raw_eff=('blessing', '2')
[DEBUG] filtered (после фильтрации): []
[DEBUG] effect_priority_zone: {'1': ['draw', 'heal', 'poison', 'bleed', 'trash', 'priestess', 'gear', 'spy', 'stun', 'blessing', 'damage'], '2': ['draw', 'heal', 'poison', 'bleed', 'trash', 'priestess', 'gear', 'spy', 'stun', 'blessing', 'damage'], '3': ['draw', 'heal', 'poison', 'bleed', 'trash', 'priestess', 'gear', 'spy', 'stun', 'blessing', 'damage']}
[93m  Куплена карта: Priestess[0m
[93m  Blessing на ход: 6, потрачено: 6[0m
[93m  Доступные для покупки: [][0m
[93m[DEBUG] market.trade_row после refill: ['Stuning Light(7)', 'Reaper’s Scythe(5)', 'Gloves of Illusion(5)', 'Quick Response(2)', 'Toxin(3)'][0m
[DEBUG-PRIO] zone_key: 2, effect_priority dict keys: ['1', '2', '3']
[DEBUG-PRIO] effect_priority_zone: ['draw', 'heal', 'poison', 'bleed', 'trash', 'priestess', 'gear', 'spy', 'stun', 'blessing', 'damage']
[DEBUG-PRIO] effect_priority_main: ['draw', 'heal', 'poison', 'bleed', 'trash']
[DEBUG] [0] Stuning Light: эффекты=['damage', 'stun', 'draw', 'b_chain', 'stun', 'destroy'], ищем в=['draw', 'heal', 'poison', 'bleed', 'trash'], подходит=True
[DEBUG] [1] Reaper’s Scythe: эффекты=['r_chain', 'damage', 'def_n_text'], ищем в=['draw', 'heal', 'poison', 'bleed', 'trash'], подходит=False
[DEBUG] [2] Gloves of Illusion: эффекты=['b_chain', 'spy', 'def_n_text'], ищем в=['draw', 'heal', 'poison', 'bleed', 'trash'], подходит=False
[DEBUG] [3] Quick Response: эффекты=['w_chain', 'damage', 'blessing'], ищем в=['draw', 'heal', 'poison', 'bleed', 'trash'], подходит=False
[DEBUG] [4] Toxin: эффекты=['blessing', 'poison', 'trash'], ищем в=['draw', 'heal', 'poison', 'bleed', 'trash'], подходит=True
[DEBUG] filtered (после фильтрации): []
[DEBUG] effect_priority_zone: {'1': ['draw', 'heal', 'poison', 'bleed', 'trash', 'priestess', 'gear', 'spy', 'stun', 'blessing', 'damage'], '2': ['draw', 'heal', 'poison', 'bleed', 'trash', 'priestess', 'gear', 'spy', 'stun', 'blessing', 'damage'], '3': ['draw', 'heal', 'poison', 'bleed', 'trash', 'priestess', 'gear', 'spy', 'stun', 'blessing', 'damage']}
[92m
=== Ход 6 (P1) ===[0m
[92m[DEBUG] P1 старт хода: hand=['Deceit', 'Leather Armor', 'Strike', 'Prayer', 'Prayer'], deck=['Prayer', 'Battle Rhythm', 'Strike', 'Heal Bash'], discard=['Strike', 'Prayer', 'Prayer', 'Prayer', 'Omnipresent Step Boots', 'Battle Rhythm'][0m
[92m[PLAYER] P1 (начало): HP=37, Poison=1, Bleed=0[0m
[92mHand(5): ['Deceit', 'Leather Armor', 'Strike', 'Prayer', 'Prayer'][0m
[92mDeck(4): ['Prayer', 'Battle Rhythm', 'Strike', 'Heal Bash'][0m
[92mDiscard(6): ['Strike', 'Prayer', 'Prayer', 'Prayer', 'Omnipresent Step Boots', 'Battle Rhythm'][0m
[92mTrash(2): ['Prayer', 'Priestess'][0m
[92mHP: 37[0m
[92mPoison: 1[0m
[92mBleed: 0[0m
[92m         Hand(5): ['Deceit', 'Leather Armor', 'Strike', 'Prayer', 'Prayer'][0m
[92m         Deck(4): ['Prayer', 'Battle Rhythm', 'Strike', 'Heal Bash'][0m
[92m         Discard(6): ['Strike', 'Prayer', 'Prayer', 'Prayer', 'Omnipresent Step Boots', 'Battle Rhythm'][0m
[92m         Gear(1): ['Runeward Circlet'][0m
[92m         Trash(2): ['Prayer', 'Priestess'][0m
[92m[DEBUG] Разыгрывается Deceit: effect1='{Stun 1}{Draw 1}' -> [('stun', '1'), ('draw', '1')][0m
[92m[DEBUG] Разыгрывается Deceit: effect2='{B_chain}{Spy 2}TOCopy Main Abilities of one revealed card' -> [[('b_chain', None), ('spy', '2')], []][0m
[92m[DEBUG] Разыгрывается Deceit: effect1text='None' -> [][0m
[92m[DEBUG] Разыгрывается Deceit: effect2text='None' -> [][0m
[92m[DEBUG] Разыгрывается карта Deceit, эффекты к применению: [('stun', '1'), ('draw', '1'), [('b_chain', None), ('spy', '2')], []][0m
[92m[DEBUG] Разыгрывается Leather Armor: effect1='{Damage 1}' -> [('damage', '1')][0m
[92m[DEBUG] Разыгрывается Leather Armor: effect2='{Trash_this}TO{Blessing 3}{Draw 1}' -> [[('trash_this', None)], [('blessing', '3'), ('draw', '1')]][0m
[92m[DEBUG] Разыгрывается Leather Armor: effect1text='{Def_Y_Text 4}' -> [('def_y_text', '4')][0m
[92m[DEBUG] Разыгрывается Leather Armor: effect2text='None' -> [][0m
[92m[DEBUG] Разыгрывается карта Leather Armor, эффекты к применению: [('damage', '1'), [('trash_this', None)], [('blessing', '3'), ('draw', '1')], ('def_y_text', '4')][0m
[92m[DEBUG] Разыгрывается Strike: effect1='{Damage 1}' -> [('damage', '1')][0m
[92m[DEBUG] Разыгрывается Strike: effect2='None' -> [][0m
[92m[DEBUG] Разыгрывается карта Strike, эффекты к применению: [('damage', '1')][0m
[92m[DEBUG] Разыгрывается Prayer: effect1='{Blessing 1}' -> [('blessing', '1')][0m
[92m[DEBUG] Разыгрывается Prayer: effect2='None' -> [][0m
[92m[DEBUG] Разыгрывается карта Prayer, эффекты к применению: [('blessing', '1')][0m
[92m[DEBUG] Разыгрывается Prayer: effect1='{Blessing 1}' -> [('blessing', '1')][0m
[92m[DEBUG] Разыгрывается Prayer: effect2='None' -> [][0m
[92m[DEBUG] Разыгрывается карта Prayer, эффекты к применению: [('blessing', '1')][0m
[92m[DEBUG] Разыгрывается Heal Bash: effect1='{Heal 3}{Blessing 2}' -> [('heal', '3'), ('blessing', '2')][0m
[92m[DEBUG] Разыгрывается Heal Bash: effect2='{W_chain}{Damage 4}' -> [('w_chain', None), ('damage', '4')][0m
[92m[DEBUG] Разыгрывается Heal Bash: effect1text='None' -> [][0m
[92m[DEBUG] Разыгрывается Heal Bash: effect2text='None' -> [][0m
[92m[DEBUG] Разыгрывается карта Heal Bash, эффекты к применению: [('heal', '3'), ('blessing', '2'), ('w_chain', None), ('damage', '4')][0m
[93m  Blessing на ход: 2, потрачено: 0[0m
[93m  Доступные для покупки: ['Quick Response'][0m
[93m[DEBUG] market.trade_row после refill: ['Stuning Light(7)', 'Reaper’s Scythe(5)', 'Gloves of Illusion(5)', 'Quick Response(2)', 'Toxin(3)'][0m
[DEBUG-PRIO] zone_key: 2, effect_priority dict keys: ['1', '2', '3']
[DEBUG-PRIO] effect_priority_zone: ['bleed', 'gear', 'draw', 'damage', 'trash', 'priestess', 'spy', 'heal', 'poison', 'stun', 'blessing']
[DEBUG-PRIO] effect_priority_main: ['bleed', 'gear', 'draw', 'damage', 'trash']
[DEBUG] [0] Stuning Light: эффекты=['damage', 'stun', 'draw', 'b_chain', 'stun', 'destroy'], ищем в=['bleed', 'gear', 'draw', 'damage', 'trash'], подходит=True
[DEBUG] [1] Reaper’s Scythe: эффекты=['r_chain', 'damage', 'def_n_text'], ищем в=['bleed', 'gear', 'draw', 'damage', 'trash'], подходит=True
[DEBUG] [2] Gloves of Illusion: эффекты=['b_chain', 'spy', 'def_n_text'], ищем в=['bleed', 'gear', 'draw', 'damage', 'trash'], подходит=False
[DEBUG] [3] Quick Response: эффекты=['w_chain', 'damage', 'blessing'], ищем в=['bleed', 'gear', 'draw', 'damage', 'trash'], подходит=True
[DEBUG] [4] Toxin: эффекты=['blessing', 'poison', 'trash'], ищем в=['bleed', 'gear', 'draw', 'damage', 'trash'], подходит=True
[DEBUG-CHECK] Quick Response: эффекты=['heal_bleed', 'heal_poison', 'w_chain', 'damage', 'blessing'], ищем в=['bleed', 'gear', 'draw', 'damage', 'trash'], результат=True
[DEBUG-CHECK-RAW] Quick Response: raw_eff=[('heal_bleed', '3')]
[DEBUG-CHECK-RAW] Quick Response: raw_eff=[('heal_poison', '3')]
[DEBUG-CHECK-RAW] Quick Response: raw_eff=('w_chain', None)
[DEBUG-CHECK-RAW] Quick Response: raw_eff=('damage', '5')
[DEBUG-CHECK-RAW] Quick Response: raw_eff=('blessing', '2')
[DEBUG] filtered (после фильтрации): ['Quick Response']
[DEBUG] effect_priority_zone: {'1': ['bleed', 'draw', 'trash', 'gear', 'blessing', 'priestess', 'heal', 'poison', 'spy', 'stun', 'damage'], '2': ['bleed', 'gear', 'draw', 'damage', 'trash', 'priestess', 'spy', 'heal', 'poison', 'stun', 'blessing'], '3': ['gear', 'bleed', 'draw', 'heal', 'damage', 'trash', 'priestess', 'spy', 'stun', 'poison', 'blessing']}
[93m  Куплена карта: Quick Response[0m
[93m  Blessing на ход: 2, потрачено: 2[0m
[93m  Доступные для покупки: [][0m
[93m[DEBUG] market.trade_row после refill: ['Stuning Light(7)', 'Reaper’s Scythe(5)', 'Gloves of Illusion(5)', 'Toxin(3)', 'Roll(1)'][0m
[DEBUG-PRIO] zone_key: 2, effect_priority dict keys: ['1', '2', '3']
[DEBUG-PRIO] effect_priority_zone: ['bleed', 'gear', 'draw', 'damage', 'trash', 'priestess', 'spy', 'heal', 'poison', 'stun', 'blessing']
[DEBUG-PRIO] effect_priority_main: ['bleed', 'gear', 'draw', 'damage', 'trash']
[DEBUG] [0] Stuning Light: эффекты=['damage', 'stun', 'draw', 'b_chain', 'stun', 'destroy'], ищем в=['bleed', 'gear', 'draw', 'damage', 'trash'], подходит=True
[DEBUG] [1] Reaper’s Scythe: эффекты=['r_chain', 'damage', 'def_n_text'], ищем в=['bleed', 'gear', 'draw', 'damage', 'trash'], подходит=True
[DEBUG] [2] Gloves of Illusion: эффекты=['b_chain', 'spy', 'def_n_text'], ищем в=['bleed', 'gear', 'draw', 'damage', 'trash'], подходит=False
[DEBUG] [3] Toxin: эффекты=['blessing', 'poison', 'trash'], ищем в=['bleed', 'gear', 'draw', 'damage', 'trash'], подходит=True
[DEBUG] [4] Roll: эффекты=['blessing', 'heal', 'w_chain', 'draw'], ищем в=['bleed', 'gear', 'draw', 'damage', 'trash'], подходит=True
[DEBUG] filtered (после фильтрации): []
[DEBUG] effect_priority_zone: {'1': ['bleed', 'draw', 'trash', 'gear', 'blessing', 'priestess', 'heal', 'poison', 'spy', 'stun', 'damage'], '2': ['bleed', 'gear', 'draw', 'damage', 'trash', 'priestess', 'spy', 'heal', 'poison', 'stun', 'blessing'], '3': ['gear', 'bleed', 'draw', 'heal', 'damage', 'trash', 'priestess', 'spy', 'stun', 'poison', 'blessing']}
[94m
=== Ход 6 (P2) ===[0m
[94m[DEBUG] P2 старт хода: hand=['Priestess', 'Strike', 'Priestess', 'Prayer'], deck=['Prayer', 'Strike', 'Prayer', 'Readiness'], discard=['Festering Wound', 'Dash', 'Prayer', 'Prayer', 'Prayer', 'Resilience', 'Priestess', 'Strike'][0m
[94m[PLAYER] P2 (начало): HP=38, Poison=0, Bleed=0[0m
[94mHand(4): ['Priestess', 'Strike', 'Priestess', 'Prayer'][0m
[94mDeck(4): ['Prayer', 'Strike', 'Prayer', 'Readiness'][0m
[94mDiscard(8): ['Festering Wound', 'Dash', 'Prayer', 'Prayer', 'Prayer', 'Resilience', 'Priestess', 'Strike'][0m
[94mTrash(2): ['Prayer', 'Priestess'][0m
[94mHP: 38[0m
[94mPoison: 0[0m
[94mBleed: 0[0m
[94m         Hand(4): ['Priestess', 'Strike', 'Priestess', 'Prayer'][0m
[94m         Deck(4): ['Prayer', 'Strike', 'Prayer', 'Readiness'][0m
[94m         Discard(8): ['Festering Wound', 'Dash', 'Prayer', 'Prayer', 'Prayer', 'Resilience', 'Priestess', 'Strike'][0m
[94m         Gear(0): [][0m
[94m         Trash(2): ['Prayer', 'Priestess'][0m
[94m[DEBUG] Разыгрывается Priestess: effect1='{Blessing 2}' -> [('blessing', '2')][0m
[94m[DEBUG] Разыгрывается Priestess: effect2='{Trash_this}TO{Damage 2}{Discard Monster}' -> [[('trash_this', None)], [('damage', '2'), ('discard', 'Monster')]][0m
[94m[DEBUG] Разыгрывается карта Priestess, эффекты к применению: [('blessing', '2'), [('trash_this', None)], [('damage', '2'), ('discard', 'Monster')]][0m
[94m[DEBUG] Разыгрывается Strike: effect1='{Damage 1}' -> [('damage', '1')][0m
[94m[DEBUG] Разыгрывается Strike: effect2='None' -> [][0m
[94m[DEBUG] Разыгрывается карта Strike, эффекты к применению: [('damage', '1')][0m
[94m[DEBUG] Разыгрывается Priestess: effect1='{Blessing 2}' -> [('blessing', '2')][0m
[94m[DEBUG] Разыгрывается Priestess: effect2='{Trash_this}TO{Damage 2}{Discard Monster}' -> [[('trash_this', None)], [('damage', '2'), ('discard', 'Monster')]][0m
[94m[DEBUG] Разыгрывается карта Priestess, эффекты к применению: [('blessing', '2'), [('trash_this', None)], [('damage', '2'), ('discard', 'Monster')]][0m
[94m[DEBUG] Разыгрывается Prayer: effect1='{Blessing 1}' -> [('blessing', '1')][0m
[94m[DEBUG] Разыгрывается Prayer: effect2='None' -> [][0m
[94m[DEBUG] Разыгрывается карта Prayer, эффекты к применению: [('blessing', '1')][0m
[93m  Blessing на ход: 5, потрачено: 0[0m
[93m  Доступные для покупки: ['Reaper’s Scythe', 'Gloves of Illusion', 'Toxin', 'Roll'][0m
[93m[DEBUG] market.trade_row после refill: ['Stuning Light(7)', 'Reaper’s Scythe(5)', 'Gloves of Illusion(5)', 'Toxin(3)', 'Roll(1)'][0m
[DEBUG-PRIO] zone_key: 2, effect_priority dict keys: ['1', '2', '3']
[DEBUG-PRIO] effect_priority_zone: ['draw', 'heal', 'poison', 'bleed', 'trash', 'priestess', 'gear', 'spy', 'stun', 'blessing', 'damage']
[DEBUG-PRIO] effect_priority_main: ['draw', 'heal', 'poison', 'bleed', 'trash']
[DEBUG] [0] Stuning Light: эффекты=['damage', 'stun', 'draw', 'b_chain', 'stun', 'destroy'], ищем в=['draw', 'heal', 'poison', 'bleed', 'trash'], подходит=True
[DEBUG] [1] Reaper’s Scythe: эффекты=['r_chain', 'damage', 'def_n_text'], ищем в=['draw', 'heal', 'poison', 'bleed', 'trash'], подходит=False
[DEBUG] [2] Gloves of Illusion: эффекты=['b_chain', 'spy', 'def_n_text'], ищем в=['draw', 'heal', 'poison', 'bleed', 'trash'], подходит=False
[DEBUG] [3] Toxin: эффекты=['blessing', 'poison', 'trash'], ищем в=['draw', 'heal', 'poison', 'bleed', 'trash'], подходит=True
[DEBUG] [4] Roll: эффекты=['blessing', 'heal', 'w_chain', 'draw'], ищем в=['draw', 'heal', 'poison', 'bleed', 'trash'], подходит=True
[DEBUG-CHECK] Reaper’s Scythe: эффекты=['discard', 'bleed', 'defeat', 'r_chain', 'damage', 'def_n_text'], ищем в=['draw', 'heal', 'poison', 'bleed', 'trash'], результат=True
[DEBUG-CHECK-RAW] Reaper’s Scythe: raw_eff=[('discard', '1')]
[DEBUG-CHECK-RAW] Reaper’s Scythe: raw_eff=[('bleed', '3'), ('defeat', 'Monster')]
[DEBUG-CHECK-RAW] Reaper’s Scythe: raw_eff=('r_chain', None)
[DEBUG-CHECK-RAW] Reaper’s Scythe: raw_eff=('damage', '4')
[DEBUG-CHECK-RAW] Reaper’s Scythe: raw_eff=('def_n_text', '5')
[DEBUG-CHECK] Gloves of Illusion: эффекты=['b_chain', 'spy', 'def_n_text'], ищем в=['draw', 'heal', 'poison', 'bleed', 'trash'], результат=False
[DEBUG-CHECK-RAW] Gloves of Illusion: raw_eff=('b_chain', None)
[DEBUG-CHECK-RAW] Gloves of Illusion: raw_eff=('spy', '2')
[DEBUG-CHECK-RAW] Gloves of Illusion: raw_eff=('def_n_text', '5')
[DEBUG-CHECK] Toxin: эффекты=['blessing', 'poison', 'trash', 'discard', 'poison'], ищем в=['draw', 'heal', 'poison', 'bleed', 'trash'], результат=True
[DEBUG-CHECK-RAW] Toxin: raw_eff=('blessing', '2')
[DEBUG-CHECK-RAW] Toxin: raw_eff=('poison', '1')
[DEBUG-CHECK-RAW] Toxin: raw_eff=('trash', '1')
[DEBUG-CHECK-RAW] Toxin: raw_eff=[('discard', 0)]
[DEBUG-CHECK-RAW] Toxin: raw_eff=[('poison', 0)]
[DEBUG-CHECK] Roll: эффекты=['blessing', 'heal', 'w_chain', 'draw'], ищем в=['draw', 'heal', 'poison', 'bleed', 'trash'], результат=True
[DEBUG-CHECK-RAW] Roll: raw_eff=('blessing', '2')
[DEBUG-CHECK-RAW] Roll: raw_eff=('heal', '3')
[DEBUG-CHECK-RAW] Roll: raw_eff=('w_chain', None)
[DEBUG-CHECK-RAW] Roll: raw_eff=('draw', '1')
[DEBUG] filtered (после фильтрации): ['Reaper’s Scythe', 'Toxin', 'Roll']
[DEBUG] effect_priority_zone: {'1': ['draw', 'heal', 'poison', 'bleed', 'trash', 'priestess', 'gear', 'spy', 'stun', 'blessing', 'damage'], '2': ['draw', 'heal', 'poison', 'bleed', 'trash', 'priestess', 'gear', 'spy', 'stun', 'blessing', 'damage'], '3': ['draw', 'heal', 'poison', 'bleed', 'trash', 'priestess', 'gear', 'spy', 'stun', 'blessing', 'damage']}
[93m  Куплена карта: Roll[0m
[93m  Blessing на ход: 5, потрачено: 1[0m
[93m  Доступные для покупки: ['Toxin', 'Insight'][0m
[93m[DEBUG] market.trade_row после refill: ['Stuning Light(7)', 'Reaper’s Scythe(5)', 'Gloves of Illusion(5)', 'Toxin(3)', 'Insight(3)'][0m
[DEBUG-PRIO] zone_key: 2, effect_priority dict keys: ['1', '2', '3']
[DEBUG-PRIO] effect_priority_zone: ['draw', 'heal', 'poison', 'bleed', 'trash', 'priestess', 'gear', 'spy', 'stun', 'blessing', 'damage']
[DEBUG-PRIO] effect_priority_main: ['draw', 'heal', 'poison', 'bleed', 'trash']
[DEBUG] [0] Stuning Light: эффекты=['damage', 'stun', 'draw', 'b_chain', 'stun', 'destroy'], ищем в=['draw', 'heal', 'poison', 'bleed', 'trash'], подходит=True
[DEBUG] [1] Reaper’s Scythe: эффекты=['r_chain', 'damage', 'def_n_text'], ищем в=['draw', 'heal', 'poison', 'bleed', 'trash'], подходит=False
[DEBUG] [2] Gloves of Illusion: эффекты=['b_chain', 'spy', 'def_n_text'], ищем в=['draw', 'heal', 'poison', 'bleed', 'trash'], подходит=False
[DEBUG] [3] Toxin: эффекты=['blessing', 'poison', 'trash'], ищем в=['draw', 'heal', 'poison', 'bleed', 'trash'], подходит=True
[DEBUG] [4] Insight: эффекты=['damage', 'stun', 'b_chain', 'spy', 'draw'], ищем в=['draw', 'heal', 'poison', 'bleed', 'trash'], подходит=True
[DEBUG-CHECK] Toxin: эффекты=['blessing', 'poison', 'trash', 'discard', 'poison'], ищем в=['draw', 'heal', 'poison', 'bleed', 'trash'], результат=True
[DEBUG-CHECK-RAW] Toxin: raw_eff=('blessing', '2')
[DEBUG-CHECK-RAW] Toxin: raw_eff=('poison', '1')
[DEBUG-CHECK-RAW] Toxin: raw_eff=('trash', '1')
[DEBUG-CHECK-RAW] Toxin: raw_eff=[('discard', 0)]
[DEBUG-CHECK-RAW] Toxin: raw_eff=[('poison', 0)]
[DEBUG-CHECK] Insight: эффекты=['damage', 'stun', 'b_chain', 'spy', 'draw'], ищем в=['draw', 'heal', 'poison', 'bleed', 'trash'], результат=True
[DEBUG-CHECK-RAW] Insight: raw_eff=('damage', '3')
[DEBUG-CHECK-RAW] Insight: raw_eff=('stun', '1')
[DEBUG-CHECK-RAW] Insight: raw_eff=('b_chain', None)
[DEBUG-CHECK-RAW] Insight: raw_eff=('spy', '3')
[DEBUG-CHECK-RAW] Insight: raw_eff=('draw', '1')
[DEBUG] filtered (после фильтрации): ['Toxin', 'Insight']
[DEBUG] effect_priority_zone: {'1': ['draw', 'heal', 'poison', 'bleed', 'trash', 'priestess', 'gear', 'spy', 'stun', 'blessing', 'damage'], '2': ['draw', 'heal', 'poison', 'bleed', 'trash', 'priestess', 'gear', 'spy', 'stun', 'blessing', 'damage'], '3': ['draw', 'heal', 'poison', 'bleed', 'trash', 'priestess', 'gear', 'spy', 'stun', 'blessing', 'damage']}
[93m  Куплена карта: Insight[0m
[93m  Blessing на ход: 5, потрачено: 4[0m
[93m  Доступные для покупки: [][0m
[93m[DEBUG] market.trade_row после refill: ['Stuning Light(7)', 'Reaper’s Scythe(5)', 'Gloves of Illusion(5)', 'Toxin(3)', 'Crown of Madness(3)'][0m
[DEBUG-PRIO] zone_key: 2, effect_priority dict keys: ['1', '2', '3']
[DEBUG-PRIO] effect_priority_zone: ['draw', 'heal', 'poison', 'bleed', 'trash', 'priestess', 'gear', 'spy', 'stun', 'blessing', 'damage']
[DEBUG-PRIO] effect_priority_main: ['draw', 'heal', 'poison', 'bleed', 'trash']
[DEBUG] [0] Stuning Light: эффекты=['damage', 'stun', 'draw', 'b_chain', 'stun', 'destroy'], ищем в=['draw', 'heal', 'poison', 'bleed', 'trash'], подходит=True
[DEBUG] [1] Reaper’s Scythe: эффекты=['r_chain', 'damage', 'def_n_text'], ищем в=['draw', 'heal', 'poison', 'bleed', 'trash'], подходит=False
[DEBUG] [2] Gloves of Illusion: эффекты=['b_chain', 'spy', 'def_n_text'], ищем в=['draw', 'heal', 'poison', 'bleed', 'trash'], подходит=False
[DEBUG] [3] Toxin: эффекты=['blessing', 'poison', 'trash'], ищем в=['draw', 'heal', 'poison', 'bleed', 'trash'], подходит=True
[DEBUG] [4] Crown of Madness: эффекты=['def_y_text'], ищем в=['draw', 'heal', 'poison', 'bleed', 'trash'], подходит=False
[DEBUG] filtered (после фильтрации): []
[DEBUG] effect_priority_zone: {'1': ['draw', 'heal', 'poison', 'bleed', 'trash', 'priestess', 'gear', 'spy', 'stun', 'blessing', 'damage'], '2': ['draw', 'heal', 'poison', 'bleed', 'trash', 'priestess', 'gear', 'spy', 'stun', 'blessing', 'damage'], '3': ['draw', 'heal', 'poison', 'bleed', 'trash', 'priestess', 'gear', 'spy', 'stun', 'blessing', 'damage']}
[92m
=== Ход 7 (P1) ===[0m
[92m[DEBUG] P1 старт хода: hand=['Strike', 'Battle Rhythm', 'Prayer', 'Prayer', 'Strike'], deck=['Prayer', 'Omnipresent Step Boots', 'Heal Bash', 'Prayer', 'Quick Response', 'Prayer', 'Battle Rhythm', 'Prayer', 'Strike', 'Deceit'], discard=[][0m
[92m[PLAYER] P1 (начало): HP=40, Poison=1, Bleed=0[0m
[92mHand(5): ['Strike', 'Battle Rhythm', 'Prayer', 'Prayer', 'Strike'][0m
[92mDeck(10): ['Prayer', 'Omnipresent Step Boots', 'Heal Bash', 'Prayer', 'Quick Response', 'Prayer', 'Battle Rhythm', 'Prayer', 'Strike', 'Deceit'][0m
[92mDiscard(0): [][0m
[92mTrash(2): ['Prayer', 'Priestess'][0m
[92mHP: 40[0m
[92mPoison: 1[0m
[92mBleed: 0[0m
[92m         Hand(5): ['Strike', 'Battle Rhythm', 'Prayer', 'Prayer', 'Strike'][0m
[92m         Deck(10): ['Prayer', 'Omnipresent Step Boots', 'Heal Bash', 'Prayer', 'Quick Response', 'Prayer', 'Battle Rhythm', 'Prayer', 'Strike', 'Deceit'][0m
[92m         Discard(0): [][0m
[92m         Gear(2): ['Runeward Circlet', 'Leather Armor'][0m
[92m         Trash(2): ['Prayer', 'Priestess'][0m
[92m[DEBUG] Разыгрывается Strike: effect1='{Damage 1}' -> [('damage', '1')][0m
[92m[DEBUG] Разыгрывается Strike: effect2='None' -> [][0m
[92m[DEBUG] Разыгрывается карта Strike, эффекты к применению: [('damage', '1')][0m
[92m[DEBUG] Разыгрывается Battle Rhythm: effect1='{Stun 1}{Damage 2}' -> [('stun', '1'), ('damage', '2')][0m
[92m[DEBUG] Разыгрывается Battle Rhythm: effect2='This turn your cards have Chain with the cards in the Trade Row' -> [][0m
[92m[DEBUG] Разыгрывается Battle Rhythm: effect1text='None' -> [][0m
[92m[DEBUG] Разыгрывается Battle Rhythm: effect2text='None' -> [][0m
[92m[DEBUG] Разыгрывается карта Battle Rhythm, эффекты к применению: [('stun', '1'), ('damage', '2')][0m
[92m[DEBUG] Разыгрывается Prayer: effect1='{Blessing 1}' -> [('blessing', '1')][0m
[92m[DEBUG] Разыгрывается Prayer: effect2='None' -> [][0m
[92m[DEBUG] Разыгрывается карта Prayer, эффекты к применению: [('blessing', '1')][0m
[92m[DEBUG] Разыгрывается Prayer: effect1='{Blessing 1}' -> [('blessing', '1')][0m
[92m[DEBUG] Разыгрывается Prayer: effect2='None' -> [][0m
[92m[DEBUG] Разыгрывается карта Prayer, эффекты к применению: [('blessing', '1')][0m
[92m[DEBUG] Разыгрывается Strike: effect1='{Damage 1}' -> [('damage', '1')][0m
[92m[DEBUG] Разыгрывается Strike: effect2='None' -> [][0m
[92m[DEBUG] Разыгрывается карта Strike, эффекты к применению: [('damage', '1')][0m
[93m  Blessing на ход: 2, потрачено: 0[0m
[93m  Доступные для покупки: [][0m
[93m[DEBUG] market.trade_row после refill: ['Stuning Light(7)', 'Reaper’s Scythe(5)', 'Gloves of Illusion(5)', 'Toxin(3)', 'Crown of Madness(3)'][0m
[DEBUG-PRIO] zone_key: 2, effect_priority dict keys: ['1', '2', '3']
[DEBUG-PRIO] effect_priority_zone: ['bleed', 'gear', 'draw', 'damage', 'trash', 'priestess', 'spy', 'heal', 'poison', 'stun', 'blessing']
[DEBUG-PRIO] effect_priority_main: ['bleed', 'gear', 'draw', 'damage', 'trash']
[DEBUG] [0] Stuning Light: эффекты=['damage', 'stun', 'draw', 'b_chain', 'stun', 'destroy'], ищем в=['bleed', 'gear', 'draw', 'damage', 'trash'], подходит=True
[DEBUG] [1] Reaper’s Scythe: эффекты=['r_chain', 'damage', 'def_n_text'], ищем в=['bleed', 'gear', 'draw', 'damage', 'trash'], подходит=True
[DEBUG] [2] Gloves of Illusion: эффекты=['b_chain', 'spy', 'def_n_text'], ищем в=['bleed', 'gear', 'draw', 'damage', 'trash'], подходит=False
[DEBUG] [3] Toxin: эффекты=['blessing', 'poison', 'trash'], ищем в=['bleed', 'gear', 'draw', 'damage', 'trash'], подходит=True
[DEBUG] [4] Crown of Madness: эффекты=['def_y_text'], ищем в=['bleed', 'gear', 'draw', 'damage', 'trash'], подходит=False
[DEBUG] filtered (после фильтрации): []
[DEBUG] effect_priority_zone: {'1': ['bleed', 'draw', 'trash', 'gear', 'blessing', 'priestess', 'heal', 'poison', 'spy', 'stun', 'damage'], '2': ['bleed', 'gear', 'draw', 'damage', 'trash', 'priestess', 'spy', 'heal', 'poison', 'stun', 'blessing'], '3': ['gear', 'bleed', 'draw', 'heal', 'damage', 'trash', 'priestess', 'spy', 'stun', 'poison', 'blessing']}
[93m  Куплена карта: Priestess[0m
[93m  Blessing на ход: 2, потрачено: 2[0m
[93m  Доступные для покупки: [][0m
[93m[DEBUG] market.trade_row после refill: ['Stuning Light(7)', 'Reaper’s Scythe(5)', 'Gloves of Illusion(5)', 'Toxin(3)', 'Crown of Madness(3)'][0m
[DEBUG-PRIO] zone_key: 2, effect_priority dict keys: ['1', '2', '3']
[DEBUG-PRIO] effect_priority_zone: ['bleed', 'gear', 'draw', 'damage', 'trash', 'priestess', 'spy', 'heal', 'poison', 'stun', 'blessing']
[DEBUG-PRIO] effect_priority_main: ['bleed', 'gear', 'draw', 'damage', 'trash']
[DEBUG] [0] Stuning Light: эффекты=['damage', 'stun', 'draw', 'b_chain', 'stun', 'destroy'], ищем в=['bleed', 'gear', 'draw', 'damage', 'trash'], подходит=True
[DEBUG] [1] Reaper’s Scythe: эффекты=['r_chain', 'damage', 'def_n_text'], ищем в=['bleed', 'gear', 'draw', 'damage', 'trash'], подходит=True
[DEBUG] [2] Gloves of Illusion: эффекты=['b_chain', 'spy', 'def_n_text'], ищем в=['bleed', 'gear', 'draw', 'damage', 'trash'], подходит=False
[DEBUG] [3] Toxin: эффекты=['blessing', 'poison', 'trash'], ищем в=['bleed', 'gear', 'draw', 'damage', 'trash'], подходит=True
[DEBUG] [4] Crown of Madness: эффекты=['def_y_text'], ищем в=['bleed', 'gear', 'draw', 'damage', 'trash'], подходит=False
[DEBUG] filtered (после фильтрации): []
[DEBUG] effect_priority_zone: {'1': ['bleed', 'draw', 'trash', 'gear', 'blessing', 'priestess', 'heal', 'poison', 'spy', 'stun', 'damage'], '2': ['bleed', 'gear', 'draw', 'damage', 'trash', 'priestess', 'spy', 'heal', 'poison', 'stun', 'blessing'], '3': ['gear', 'bleed', 'draw', 'heal', 'damage', 'trash', 'priestess', 'spy', 'stun', 'poison', 'blessing']}
[94m
=== Ход 7 (P2) ===[0m
[94m[DEBUG] P2 старт хода: hand=['Readiness', 'Strike', 'Prayer', 'Priestess'], deck=['Strike', 'Roll', 'Resilience', 'Prayer', 'Prayer', 'Prayer', 'Strike', 'Festering Wound', 'Dash', 'Prayer', 'Insight'], discard=['Prayer'][0m
[94m[PLAYER] P2 (начало): HP=34, Poison=0, Bleed=0[0m
[94mHand(4): ['Readiness', 'Strike', 'Prayer', 'Priestess'][0m
[94mDeck(11): ['Strike', 'Roll', 'Resilience', 'Prayer', 'Prayer', 'Prayer', 'Strike', 'Festering Wound', 'Dash', 'Prayer', 'Insight'][0m
[94mDiscard(1): ['Prayer'][0m
[94mTrash(4): ['Prayer', 'Priestess', 'Priestess', 'Priestess'][0m
[94mHP: 34[0m
[94mPoison: 0[0m
[94mBleed: 0[0m
[94m         Hand(4): ['Readiness', 'Strike', 'Prayer', 'Priestess'][0m
[94m         Deck(11): ['Strike', 'Roll', 'Resilience', 'Prayer', 'Prayer', 'Prayer', 'Strike', 'Festering Wound', 'Dash', 'Prayer', 'Insight'][0m
[94m         Discard(1): ['Prayer'][0m
[94m         Gear(0): [][0m
[94m         Trash(4): ['Prayer', 'Priestess', 'Priestess', 'Priestess'][0m
[94m[DEBUG] Разыгрывается Readiness: effect1='{Heal 4}OR{Heal_bleed 2}or{Heal_poison 2}' -> [[('heal', '4')], [('heal_bleed', '2'), ('heal_poison', '2')]][0m
[94m[DEBUG] Разыгрывается Readiness: effect2='{W_chain}{Ready 1}' -> [('w_chain', None), ('ready', '1')][0m
[94m[DEBUG] Разыгрывается Readiness: effect1text='None' -> [][0m
[94m[DEBUG] Разыгрывается Readiness: effect2text='None' -> [][0m
[94m[DEBUG] Разыгрывается карта Readiness, эффекты к применению: [[('heal', '4')], [('heal_bleed', '2'), ('heal_poison', '2')], ('w_chain', None), ('ready', '1')][0m
[94m[DEBUG] Разыгрывается Strike: effect1='{Damage 1}' -> [('damage', '1')][0m
[94m[DEBUG] Разыгрывается Strike: effect2='None' -> [][0m
[94m[DEBUG] Разыгрывается карта Strike, эффекты к применению: [('damage', '1')][0m
[94m[DEBUG] Разыгрывается Prayer: effect1='{Blessing 1}' -> [('blessing', '1')][0m
[94m[DEBUG] Разыгрывается Prayer: effect2='None' -> [][0m
[94m[DEBUG] Разыгрывается карта Prayer, эффекты к применению: [('blessing', '1')][0m
[94m[DEBUG] Разыгрывается Priestess: effect1='{Blessing 2}' -> [('blessing', '2')][0m
[94m[DEBUG] Разыгрывается Priestess: effect2='{Trash_this}TO{Damage 2}{Discard Monster}' -> [[('trash_this', None)], [('damage', '2'), ('discard', 'Monster')]][0m
[94m[DEBUG] Разыгрывается карта Priestess, эффекты к применению: [('blessing', '2'), [('trash_this', None)], [('damage', '2'), ('discard', 'Monster')]][0m
[93m  Blessing на ход: 3, потрачено: 0[0m
[93m  Доступные для покупки: ['Toxin', 'Crown of Madness'][0m
[93m[DEBUG] market.trade_row после refill: ['Stuning Light(7)', 'Reaper’s Scythe(5)', 'Gloves of Illusion(5)', 'Toxin(3)', 'Crown of Madness(3)'][0m
[DEBUG-PRIO] zone_key: 2, effect_priority dict keys: ['1', '2', '3']
[DEBUG-PRIO] effect_priority_zone: ['draw', 'heal', 'poison', 'bleed', 'trash', 'priestess', 'gear', 'spy', 'stun', 'blessing', 'damage']
[DEBUG-PRIO] effect_priority_main: ['draw', 'heal', 'poison', 'bleed', 'trash']
[DEBUG] [0] Stuning Light: эффекты=['damage', 'stun', 'draw', 'b_chain', 'stun', 'destroy'], ищем в=['draw', 'heal', 'poison', 'bleed', 'trash'], подходит=True
[DEBUG] [1] Reaper’s Scythe: эффекты=['r_chain', 'damage', 'def_n_text'], ищем в=['draw', 'heal', 'poison', 'bleed', 'trash'], подходит=False
[DEBUG] [2] Gloves of Illusion: эффекты=['b_chain', 'spy', 'def_n_text'], ищем в=['draw', 'heal', 'poison', 'bleed', 'trash'], подходит=False
[DEBUG] [3] Toxin: эффекты=['blessing', 'poison', 'trash'], ищем в=['draw', 'heal', 'poison', 'bleed', 'trash'], подходит=True
[DEBUG] [4] Crown of Madness: эффекты=['def_y_text'], ищем в=['draw', 'heal', 'poison', 'bleed', 'trash'], подходит=False
[DEBUG-CHECK] Toxin: эффекты=['blessing', 'poison', 'trash', 'discard', 'poison'], ищем в=['draw', 'heal', 'poison', 'bleed', 'trash'], результат=True
[DEBUG-CHECK-RAW] Toxin: raw_eff=('blessing', '2')
[DEBUG-CHECK-RAW] Toxin: raw_eff=('poison', '1')
[DEBUG-CHECK-RAW] Toxin: raw_eff=('trash', '1')
[DEBUG-CHECK-RAW] Toxin: raw_eff=[('discard', 0)]
[DEBUG-CHECK-RAW] Toxin: raw_eff=[('poison', 0)]
[DEBUG-CHECK] Crown of Madness: эффекты=['discard', 'trash', 'bleed', 'def_y_text'], ищем в=['draw', 'heal', 'poison', 'bleed', 'trash'], результат=True
[DEBUG-CHECK-RAW] Crown of Madness: raw_eff=[('discard', '1')]
[DEBUG-CHECK-RAW] Crown of Madness: raw_eff=[('trash', '1')]
[DEBUG-CHECK-RAW] Crown of Madness: raw_eff=[]
[DEBUG-CHECK-RAW] Crown of Madness: raw_eff=[('bleed', '1')]
[DEBUG-CHECK-RAW] Crown of Madness: raw_eff=('def_y_text', '3')
[DEBUG] filtered (после фильтрации): ['Toxin', 'Crown of Madness']
[DEBUG] effect_priority_zone: {'1': ['draw', 'heal', 'poison', 'bleed', 'trash', 'priestess', 'gear', 'spy', 'stun', 'blessing', 'damage'], '2': ['draw', 'heal', 'poison', 'bleed', 'trash', 'priestess', 'gear', 'spy', 'stun', 'blessing', 'damage'], '3': ['draw', 'heal', 'poison', 'bleed', 'trash', 'priestess', 'gear', 'spy', 'stun', 'blessing', 'damage']}
[93m  Куплена карта: Toxin[0m
[93m  Blessing на ход: 3, потрачено: 3[0m
[93m  Доступные для покупки: [][0m
[93m[DEBUG] market.trade_row после refill: ['Stuning Light(7)', 'Reaper’s Scythe(5)', 'Gloves of Illusion(5)', 'Crown of Madness(3)', 'Divine Blade(6)'][0m
[DEBUG-PRIO] zone_key: 2, effect_priority dict keys: ['1', '2', '3']
[DEBUG-PRIO] effect_priority_zone: ['draw', 'heal', 'poison', 'bleed', 'trash', 'priestess', 'gear', 'spy', 'stun', 'blessing', 'damage']
[DEBUG-PRIO] effect_priority_main: ['draw', 'heal', 'poison', 'bleed', 'trash']
[DEBUG] [0] Stuning Light: эффекты=['damage', 'stun', 'draw', 'b_chain', 'stun', 'destroy'], ищем в=['draw', 'heal', 'poison', 'bleed', 'trash'], подходит=True
[DEBUG] [1] Reaper’s Scythe: эффекты=['r_chain', 'damage', 'def_n_text'], ищем в=['draw', 'heal', 'poison', 'bleed', 'trash'], подходит=False
[DEBUG] [2] Gloves of Illusion: эффекты=['b_chain', 'spy', 'def_n_text'], ищем в=['draw', 'heal', 'poison', 'bleed', 'trash'], подходит=False
[DEBUG] [3] Crown of Madness: эффекты=['def_y_text'], ищем в=['draw', 'heal', 'poison', 'bleed', 'trash'], подходит=False
[DEBUG] [4] Divine Blade: эффекты=['damage', 'draw', 'def_n_text'], ищем в=['draw', 'heal', 'poison', 'bleed', 'trash'], подходит=True
[DEBUG] filtered (после фильтрации): []
[DEBUG] effect_priority_zone: {'1': ['draw', 'heal', 'poison', 'bleed', 'trash', 'priestess', 'gear', 'spy', 'stun', 'blessing', 'damage'], '2': ['draw', 'heal', 'poison', 'bleed', 'trash', 'priestess', 'gear', 'spy', 'stun', 'blessing', 'damage'], '3': ['draw', 'heal', 'poison', 'bleed', 'trash', 'priestess', 'gear', 'spy', 'stun', 'blessing', 'damage']}
[92m
=== Ход 8 (P1) ===[0m
[92m[DEBUG] P1 старт хода: hand=['Deceit', 'Strike', 'Prayer', 'Battle Rhythm', 'Prayer'], deck=['Prayer', 'Omnipresent Step Boots', 'Heal Bash', 'Prayer', 'Quick Response'], discard=['Strike', 'Battle Rhythm', 'Prayer', 'Prayer', 'Strike', 'Priestess'][0m
[92m[PLAYER] P1 (начало): HP=40, Poison=1, Bleed=0[0m
[92mHand(5): ['Deceit', 'Strike', 'Prayer', 'Battle Rhythm', 'Prayer'][0m
[92mDeck(5): ['Prayer', 'Omnipresent Step Boots', 'Heal Bash', 'Prayer', 'Quick Response'][0m
[92mDiscard(6): ['Strike', 'Battle Rhythm', 'Prayer', 'Prayer', 'Strike', 'Priestess'][0m
[92mTrash(2): ['Prayer', 'Priestess'][0m
[92mHP: 40[0m
[92mPoison: 1[0m
[92mBleed: 0[0m
[92m         Hand(5): ['Deceit', 'Strike', 'Prayer', 'Battle Rhythm', 'Prayer'][0m
[92m         Deck(5): ['Prayer', 'Omnipresent Step Boots', 'Heal Bash', 'Prayer', 'Quick Response'][0m
[92m         Discard(6): ['Strike', 'Battle Rhythm', 'Prayer', 'Prayer', 'Strike', 'Priestess'][0m
[92m         Gear(2): ['Runeward Circlet', 'Leather Armor'][0m
[92m         Trash(2): ['Prayer', 'Priestess'][0m
[92m[DEBUG] Разыгрывается Deceit: effect1='{Stun 1}{Draw 1}' -> [('stun', '1'), ('draw', '1')][0m
[92m[DEBUG] Разыгрывается Deceit: effect2='{B_chain}{Spy 2}TOCopy Main Abilities of one revealed card' -> [[('b_chain', None), ('spy', '2')], []][0m
[92m[DEBUG] Разыгрывается Deceit: effect1text='None' -> [][0m
[92m[DEBUG] Разыгрывается Deceit: effect2text='None' -> [][0m
[92m[DEBUG] Разыгрывается карта Deceit, эффекты к применению: [('stun', '1'), ('draw', '1'), [('b_chain', None), ('spy', '2')], []][0m
[92m[DEBUG] Разыгрывается Strike: effect1='{Damage 1}' -> [('damage', '1')][0m
[92m[DEBUG] Разыгрывается Strike: effect2='None' -> [][0m
[92m[DEBUG] Разыгрывается карта Strike, эффекты к применению: [('damage', '1')][0m
[92m[DEBUG] Разыгрывается Prayer: effect1='{Blessing 1}' -> [('blessing', '1')][0m
[92m[DEBUG] Разыгрывается Prayer: effect2='None' -> [][0m
[92m[DEBUG] Разыгрывается карта Prayer, эффекты к применению: [('blessing', '1')][0m
[92m[DEBUG] Разыгрывается Battle Rhythm: effect1='{Stun 1}{Damage 2}' -> [('stun', '1'), ('damage', '2')][0m
[92m[DEBUG] Разыгрывается Battle Rhythm: effect2='This turn your cards have Chain with the cards in the Trade Row' -> [][0m
[92m[DEBUG] Разыгрывается Battle Rhythm: effect1text='None' -> [][0m
[92m[DEBUG] Разыгрывается Battle Rhythm: effect2text='None' -> [][0m
[92m[DEBUG] Разыгрывается карта Battle Rhythm, эффекты к применению: [('stun', '1'), ('damage', '2')][0m
[92m[DEBUG] Разыгрывается Prayer: effect1='{Blessing 1}' -> [('blessing', '1')][0m
[92m[DEBUG] Разыгрывается Prayer: effect2='None' -> [][0m
[92m[DEBUG] Разыгрывается карта Prayer, эффекты к применению: [('blessing', '1')][0m
[92m[DEBUG] Разыгрывается Quick Response: effect1='{Heal_bleed 3}OR{Heal_poison 3}' -> [[('heal_bleed', '3')], [('heal_poison', '3')]][0m
[92m[DEBUG] Разыгрывается Quick Response: effect2='{W_chain}{Damage 5}' -> [('w_chain', None), ('damage', '5')][0m
[92m[DEBUG] Разыгрывается Quick Response: effect1text='{Blessing 2}' -> [('blessing', '2')][0m
[92m[DEBUG] Разыгрывается Quick Response: effect2text='None' -> [][0m
[92m[DEBUG] Разыгрывается карта Quick Response, эффекты к применению: [[('heal_bleed', '3')], [('heal_poison', '3')], ('w_chain', None), ('damage', '5'), ('blessing', '2')][0m
[93m  Blessing на ход: 2, потрачено: 0[0m
[93m  Доступные для покупки: [][0m
[93m[DEBUG] market.trade_row после refill: ['Stuning Light(7)', 'Reaper’s Scythe(5)', 'Gloves of Illusion(5)', 'Crown of Madness(3)', 'Divine Blade(6)'][0m
[DEBUG-PRIO] zone_key: 2, effect_priority dict keys: ['1', '2', '3']
[DEBUG-PRIO] effect_priority_zone: ['bleed', 'gear', 'draw', 'damage', 'trash', 'priestess', 'spy', 'heal', 'poison', 'stun', 'blessing']
[DEBUG-PRIO] effect_priority_main: ['bleed', 'gear', 'draw', 'damage', 'trash']
[DEBUG] [0] Stuning Light: эффекты=['damage', 'stun', 'draw', 'b_chain', 'stun', 'destroy'], ищем в=['bleed', 'gear', 'draw', 'damage', 'trash'], подходит=True
[DEBUG] [1] Reaper’s Scythe: эффекты=['r_chain', 'damage', 'def_n_text'], ищем в=['bleed', 'gear', 'draw', 'damage', 'trash'], подходит=True
[DEBUG] [2] Gloves of Illusion: эффекты=['b_chain', 'spy', 'def_n_text'], ищем в=['bleed', 'gear', 'draw', 'damage', 'trash'], подходит=False
[DEBUG] [3] Crown of Madness: эффекты=['def_y_text'], ищем в=['bleed', 'gear', 'draw', 'damage', 'trash'], подходит=False
[DEBUG] [4] Divine Blade: эффекты=['damage', 'draw', 'def_n_text'], ищем в=['bleed', 'gear', 'draw', 'damage', 'trash'], подходит=True
[DEBUG] filtered (после фильтрации): []
[DEBUG] effect_priority_zone: {'1': ['bleed', 'draw', 'trash', 'gear', 'blessing', 'priestess', 'heal', 'poison', 'spy', 'stun', 'damage'], '2': ['bleed', 'gear', 'draw', 'damage', 'trash', 'priestess', 'spy', 'heal', 'poison', 'stun', 'blessing'], '3': ['gear', 'bleed', 'draw', 'heal', 'damage', 'trash', 'priestess', 'spy', 'stun', 'poison', 'blessing']}
[93m  Куплена карта: Priestess[0m
[93m  Blessing на ход: 2, потрачено: 2[0m
[93m  Доступные для покупки: [][0m
[93m[DEBUG] market.trade_row после refill: ['Stuning Light(7)', 'Reaper’s Scythe(5)', 'Gloves of Illusion(5)', 'Crown of Madness(3)', 'Divine Blade(6)'][0m
[DEBUG-PRIO] zone_key: 2, effect_priority dict keys: ['1', '2', '3']
[DEBUG-PRIO] effect_priority_zone: ['bleed', 'gear', 'draw', 'damage', 'trash', 'priestess', 'spy', 'heal', 'poison', 'stun', 'blessing']
[DEBUG-PRIO] effect_priority_main: ['bleed', 'gear', 'draw', 'damage', 'trash']
[DEBUG] [0] Stuning Light: эффекты=['damage', 'stun', 'draw', 'b_chain', 'stun', 'destroy'], ищем в=['bleed', 'gear', 'draw', 'damage', 'trash'], подходит=True
[DEBUG] [1] Reaper’s Scythe: эффекты=['r_chain', 'damage', 'def_n_text'], ищем в=['bleed', 'gear', 'draw', 'damage', 'trash'], подходит=True
[DEBUG] [2] Gloves of Illusion: эффекты=['b_chain', 'spy', 'def_n_text'], ищем в=['bleed', 'gear', 'draw', 'damage', 'trash'], подходит=False
[DEBUG] [3] Crown of Madness: эффекты=['def_y_text'], ищем в=['bleed', 'gear', 'draw', 'damage', 'trash'], подходит=False
[DEBUG] [4] Divine Blade: эффекты=['damage', 'draw', 'def_n_text'], ищем в=['bleed', 'gear', 'draw', 'damage', 'trash'], подходит=True
[DEBUG] filtered (после фильтрации): []
[DEBUG] effect_priority_zone: {'1': ['bleed', 'draw', 'trash', 'gear', 'blessing', 'priestess', 'heal', 'poison', 'spy', 'stun', 'damage'], '2': ['bleed', 'gear', 'draw', 'damage', 'trash', 'priestess', 'spy', 'heal', 'poison', 'stun', 'blessing'], '3': ['gear', 'bleed', 'draw', 'heal', 'damage', 'trash', 'priestess', 'spy', 'stun', 'poison', 'blessing']}
[94m
=== Ход 8 (P2) ===[0m
[94m[DEBUG] P2 старт хода: hand=['Insight', 'Dash', 'Festering Wound'], deck=['Strike', 'Roll', 'Resilience', 'Prayer', 'Prayer', 'Prayer'], discard=['Prayer', 'Readiness', 'Strike', 'Prayer', 'Toxin', 'Prayer', 'Strike'][0m
[94m[PLAYER] P2 (начало): HP=26, Poison=0, Bleed=0[0m
[94mHand(3): ['Insight', 'Dash', 'Festering Wound'][0m
[94mDeck(6): ['Strike', 'Roll', 'Resilience', 'Prayer', 'Prayer', 'Prayer'][0m
[94mDiscard(7): ['Prayer', 'Readiness', 'Strike', 'Prayer', 'Toxin', 'Prayer', 'Strike'][0m
[94mTrash(5): ['Prayer', 'Priestess', 'Priestess', 'Priestess', 'Priestess'][0m
[94mHP: 26[0m
[94mPoison: 0[0m
[94mBleed: 0[0m
[94m         Hand(3): ['Insight', 'Dash', 'Festering Wound'][0m
[94m         Deck(6): ['Strike', 'Roll', 'Resilience', 'Prayer', 'Prayer', 'Prayer'][0m
[94m         Discard(7): ['Prayer', 'Readiness', 'Strike', 'Prayer', 'Toxin', 'Prayer', 'Strike'][0m
[94m         Gear(0): [][0m
[94m         Trash(5): ['Prayer', 'Priestess', 'Priestess', 'Priestess', 'Priestess'][0m
[94m[DEBUG] Разыгрывается Insight: effect1='{Damage 3}{Stun 1}' -> [('damage', '3'), ('stun', '1')][0m
[94m[DEBUG] Разыгрывается Insight: effect2='{B_chain}{Spy 3}{Draw 1}' -> [('b_chain', None), ('spy', '3'), ('draw', '1')][0m
[94m[DEBUG] Разыгрывается Insight: effect1text='None' -> [][0m
[94m[DEBUG] Разыгрывается Insight: effect2text='None' -> [][0m
[94m[DEBUG] Разыгрывается карта Insight, эффекты к применению: [('damage', '3'), ('stun', '1'), ('b_chain', None), ('spy', '3'), ('draw', '1')][0m
[94m[DEBUG] Разыгрывается Dash: effect1='{Damage 3}{Heal X}' -> [('damage', '3'), ('heal', 0)][0m
[94m[DEBUG] Разыгрывается Dash: effect2='{W_chain}{Blessing 2}{Draw 1}' -> [('w_chain', None), ('blessing', '2'), ('draw', '1')][0m
[94m[DEBUG] Разыгрывается Dash: effect1text='X Blessing cost of your most expensive card in Play Area' -> [][0m
[94m[DEBUG] Разыгрывается Dash: effect2text='None' -> [][0m
[94m[DEBUG] Разыгрывается карта Dash, эффекты к применению: [('damage', '3'), ('heal', 0), ('w_chain', None), ('blessing', '2'), ('draw', '1')][0m
[94m[DEBUG] Разыгрывается Festering Wound: effect1='{Trash 1}{Poison 1}{Draw 1}' -> [('trash', '1'), ('poison', '1'), ('draw', '1')][0m
[94m[DEBUG] Разыгрывается Festering Wound: effect2='None' -> [][0m
[94m[DEBUG] Разыгрывается Festering Wound: effect1text='None' -> [][0m
[94m[DEBUG] Разыгрывается Festering Wound: effect2text='{G_chain}{Remove_poison X}TO{Damage X}' -> [[('g_chain', None), ('remove_poison', 0)], [('damage', 0)]][0m
[94m[DEBUG] Разыгрывается карта Festering Wound, эффекты к применению: [('trash', '1'), ('poison', '1'), ('draw', '1'), [('g_chain', None), ('remove_poison', 0)], [('damage', 0)]][0m
[94m[DEBUG] Разыгрывается Prayer: effect1='{Blessing 1}' -> [('blessing', '1')][0m
[94m[DEBUG] Разыгрывается Prayer: effect2='None' -> [][0m
[94m[DEBUG] Разыгрывается карта Prayer, эффекты к применению: [('blessing', '1')][0m
[94m[DEBUG] Разыгрывается Prayer: effect1='{Blessing 1}' -> [('blessing', '1')][0m
[94m[DEBUG] Разыгрывается Prayer: effect2='None' -> [][0m
[94m[DEBUG] Разыгрывается карта Prayer, эффекты к применению: [('blessing', '1')][0m
[94m[DEBUG] Разыгрывается Prayer: effect1='{Blessing 1}' -> [('blessing', '1')][0m
[94m[DEBUG] Разыгрывается Prayer: effect2='None' -> [][0m
[94m[DEBUG] Разыгрывается карта Prayer, эффекты к применению: [('blessing', '1')][0m
[93m  Blessing на ход: 2, потрачено: 0[0m
[93m  Доступные для покупки: [][0m
[93m[DEBUG] market.trade_row после refill: ['Stuning Light(7)', 'Reaper’s Scythe(5)', 'Gloves of Illusion(5)', 'Crown of Madness(3)', 'Divine Blade(6)'][0m
[DEBUG-PRIO] zone_key: 2, effect_priority dict keys: ['1', '2', '3']
[DEBUG-PRIO] effect_priority_zone: ['draw', 'heal', 'poison', 'bleed', 'trash', 'priestess', 'gear', 'spy', 'stun', 'blessing', 'damage']
[DEBUG-PRIO] effect_priority_main: ['draw', 'heal', 'poison', 'bleed', 'trash']
[DEBUG] [0] Stuning Light: эффекты=['damage', 'stun', 'draw', 'b_chain', 'stun', 'destroy'], ищем в=['draw', 'heal', 'poison', 'bleed', 'trash'], подходит=True
[DEBUG] [1] Reaper’s Scythe: эффекты=['r_chain', 'damage', 'def_n_text'], ищем в=['draw', 'heal', 'poison', 'bleed', 'trash'], подходит=False
[DEBUG] [2] Gloves of Illusion: эффекты=['b_chain', 'spy', 'def_n_text'], ищем в=['draw', 'heal', 'poison', 'bleed', 'trash'], подходит=False
[DEBUG] [3] Crown of Madness: эффекты=['def_y_text'], ищем в=['draw', 'heal', 'poison', 'bleed', 'trash'], подходит=False
[DEBUG] [4] Divine Blade: эффекты=['damage', 'draw', 'def_n_text'], ищем в=['draw', 'heal', 'poison', 'bleed', 'trash'], подходит=True
[DEBUG] filtered (после фильтрации): []
[DEBUG] effect_priority_zone: {'1': ['draw', 'heal', 'poison', 'bleed', 'trash', 'priestess', 'gear', 'spy', 'stun', 'blessing', 'damage'], '2': ['draw', 'heal', 'poison', 'bleed', 'trash', 'priestess', 'gear', 'spy', 'stun', 'blessing', 'damage'], '3': ['draw', 'heal', 'poison', 'bleed', 'trash', 'priestess', 'gear', 'spy', 'stun', 'blessing', 'damage']}
[93m  Куплена карта: Priestess[0m
[93m  Blessing на ход: 2, потрачено: 2[0m
[93m  Доступные для покупки: [][0m
[93m[DEBUG] market.trade_row после refill: ['Stuning Light(7)', 'Reaper’s Scythe(5)', 'Gloves of Illusion(5)', 'Crown of Madness(3)', 'Divine Blade(6)'][0m
[DEBUG-PRIO] zone_key: 2, effect_priority dict keys: ['1', '2', '3']
[DEBUG-PRIO] effect_priority_zone: ['draw', 'heal', 'poison', 'bleed', 'trash', 'priestess', 'gear', 'spy', 'stun', 'blessing', 'damage']
[DEBUG-PRIO] effect_priority_main: ['draw', 'heal', 'poison', 'bleed', 'trash']
[DEBUG] [0] Stuning Light: эффекты=['damage', 'stun', 'draw', 'b_chain', 'stun', 'destroy'], ищем в=['draw', 'heal', 'poison', 'bleed', 'trash'], подходит=True
[DEBUG] [1] Reaper’s Scythe: эффекты=['r_chain', 'damage', 'def_n_text'], ищем в=['draw', 'heal', 'poison', 'bleed', 'trash'], подходит=False
[DEBUG] [2] Gloves of Illusion: эффекты=['b_chain', 'spy', 'def_n_text'], ищем в=['draw', 'heal', 'poison', 'bleed', 'trash'], подходит=False
[DEBUG] [3] Crown of Madness: эффекты=['def_y_text'], ищем в=['draw', 'heal', 'poison', 'bleed', 'trash'], подходит=False
[DEBUG] [4] Divine Blade: эффекты=['damage', 'draw', 'def_n_text'], ищем в=['draw', 'heal', 'poison', 'bleed', 'trash'], подходит=True
[DEBUG] filtered (после фильтрации): []
[DEBUG] effect_priority_zone: {'1': ['draw', 'heal', 'poison', 'bleed', 'trash', 'priestess', 'gear', 'spy', 'stun', 'blessing', 'damage'], '2': ['draw', 'heal', 'poison', 'bleed', 'trash', 'priestess', 'gear', 'spy', 'stun', 'blessing', 'damage'], '3': ['draw', 'heal', 'poison', 'bleed', 'trash', 'priestess', 'gear', 'spy', 'stun', 'blessing', 'damage']}
[92m
=== Ход 9 (P1) ===[0m
[92m[DEBUG] P1 старт хода: hand=['Heal Bash', 'Omnipresent Step Boots', 'Prayer', 'Strike'], deck=['Prayer', 'Priestess', 'Battle Rhythm', 'Battle Rhythm', 'Deceit', 'Strike', 'Prayer', 'Strike', 'Quick Response', 'Prayer', 'Prayer'], discard=['Prayer', 'Priestess', 'Runeward Circlet'][0m
[92m[PLAYER] P1 (начало): HP=40, Poison=2, Bleed=0[0m
[92mHand(4): ['Heal Bash', 'Omnipresent Step Boots', 'Prayer', 'Strike'][0m
[92mDeck(11): ['Prayer', 'Priestess', 'Battle Rhythm', 'Battle Rhythm', 'Deceit', 'Strike', 'Prayer', 'Strike', 'Quick Response', 'Prayer', 'Prayer'][0m
[92mDiscard(3): ['Prayer', 'Priestess', 'Runeward Circlet'][0m
[92mTrash(2): ['Prayer', 'Priestess'][0m
[92mHP: 40[0m
[92mPoison: 2[0m
[92mBleed: 0[0m
[92m         Hand(4): ['Heal Bash', 'Omnipresent Step Boots', 'Prayer', 'Strike'][0m
[92m         Deck(11): ['Prayer', 'Priestess', 'Battle Rhythm', 'Battle Rhythm', 'Deceit', 'Strike', 'Prayer', 'Strike', 'Quick Response', 'Prayer', 'Prayer'][0m
[92m         Discard(3): ['Prayer', 'Priestess', 'Runeward Circlet'][0m
[92m         Gear(1): ['Leather Armor'][0m
[92m         Trash(2): ['Prayer', 'Priestess'][0m
[92m[DEBUG] Разыгрывается Heal Bash: effect1='{Heal 3}{Blessing 2}' -> [('heal', '3'), ('blessing', '2')][0m
[92m[DEBUG] Разыгрывается Heal Bash: effect2='{W_chain}{Damage 4}' -> [('w_chain', None), ('damage', '4')][0m
[92m[DEBUG] Разыгрывается Heal Bash: effect1text='None' -> [][0m
[92m[DEBUG] Разыгрывается Heal Bash: effect2text='None' -> [][0m
[92m[DEBUG] Разыгрывается карта Heal Bash, эффекты к применению: [('heal', '3'), ('blessing', '2'), ('w_chain', None), ('damage', '4')][0m
[92m[DEBUG] Разыгрывается Omnipresent Step Boots: effect1='{Draw 2}{Discard 1}' -> [('draw', '2'), ('discard', '1')][0m
[92m[DEBUG] Разыгрывается Omnipresent Step Boots: effect2='{Trash_this}TO{Ready 1}' -> [[('trash_this', None)], [('ready', '1')]][0m
[92m[DEBUG] Разыгрывается Omnipresent Step Boots: effect1text='{Def_Y_Text 4}' -> [('def_y_text', '4')][0m
[92m[DEBUG] Разыгрывается Omnipresent Step Boots: effect2text='None' -> [][0m
[92m[DEBUG] Разыгрывается карта Omnipresent Step Boots, эффекты к применению: [('draw', '2'), ('discard', '1'), [('trash_this', None)], [('ready', '1')], ('def_y_text', '4')][0m
[92m[DEBUG] Разыгрывается Prayer: effect1='{Blessing 1}' -> [('blessing', '1')][0m
[92m[DEBUG] Разыгрывается Prayer: effect2='None' -> [][0m
[92m[DEBUG] Разыгрывается карта Prayer, эффекты к применению: [('blessing', '1')][0m
[92m[DEBUG] Разыгрывается Strike: effect1='{Damage 1}' -> [('damage', '1')][0m
[92m[DEBUG] Разыгрывается Strike: effect2='None' -> [][0m
[92m[DEBUG] Разыгрывается карта Strike, эффекты к применению: [('damage', '1')][0m
[93m  Blessing на ход: 3, потрачено: 0[0m
[93m  Доступные для покупки: ['Crown of Madness'][0m
[93m[DEBUG] market.trade_row после refill: ['Stuning Light(7)', 'Reaper’s Scythe(5)', 'Gloves of Illusion(5)', 'Crown of Madness(3)', 'Divine Blade(6)'][0m
[DEBUG-PRIO] zone_key: 3, effect_priority dict keys: ['1', '2', '3']
[DEBUG-PRIO] effect_priority_zone: ['gear', 'bleed', 'draw', 'heal', 'damage', 'trash', 'priestess', 'spy', 'stun', 'poison', 'blessing']
[DEBUG-PRIO] effect_priority_main: ['gear', 'bleed', 'draw', 'heal', 'damage', 'trash']
[DEBUG] [0] Stuning Light: эффекты=['damage', 'stun', 'draw', 'b_chain', 'stun', 'destroy'], ищем в=['gear', 'bleed', 'draw', 'heal', 'damage', 'trash'], подходит=True
[DEBUG] [1] Reaper’s Scythe: эффекты=['r_chain', 'damage', 'def_n_text'], ищем в=['gear', 'bleed', 'draw', 'heal', 'damage', 'trash'], подходит=True
[DEBUG] [2] Gloves of Illusion: эффекты=['b_chain', 'spy', 'def_n_text'], ищем в=['gear', 'bleed', 'draw', 'heal', 'damage', 'trash'], подходит=False
[DEBUG] [3] Crown of Madness: эффекты=['def_y_text'], ищем в=['gear', 'bleed', 'draw', 'heal', 'damage', 'trash'], подходит=False
[DEBUG] [4] Divine Blade: эффекты=['damage', 'draw', 'def_n_text'], ищем в=['gear', 'bleed', 'draw', 'heal', 'damage', 'trash'], подходит=True
[DEBUG-CHECK] Crown of Madness: is_gear=True, ищем в=['gear', 'bleed', 'draw', 'heal', 'damage', 'trash'], результат=True
[DEBUG] filtered (после фильтрации): ['Crown of Madness']
[DEBUG] effect_priority_zone: {'1': ['bleed', 'draw', 'trash', 'gear', 'blessing', 'priestess', 'heal', 'poison', 'spy', 'stun', 'damage'], '2': ['bleed', 'gear', 'draw', 'damage', 'trash', 'priestess', 'spy', 'heal', 'poison', 'stun', 'blessing'], '3': ['gear', 'bleed', 'draw', 'heal', 'damage', 'trash', 'priestess', 'spy', 'stun', 'poison', 'blessing']}
[93m  Куплена карта: Crown of Madness[0m
[93m  Blessing на ход: 3, потрачено: 3[0m
[93m  Доступные для покупки: [][0m
[93m[DEBUG] market.trade_row после refill: ['Stuning Light(7)', 'Reaper’s Scythe(5)', 'Gloves of Illusion(5)', 'Divine Blade(6)', 'Infection(2)'][0m
[DEBUG-PRIO] zone_key: 3, effect_priority dict keys: ['1', '2', '3']
[DEBUG-PRIO] effect_priority_zone: ['gear', 'bleed', 'draw', 'heal', 'damage', 'trash', 'priestess', 'spy', 'stun', 'poison', 'blessing']
[DEBUG-PRIO] effect_priority_main: ['gear', 'bleed', 'draw', 'heal', 'damage', 'trash']
[DEBUG] [0] Stuning Light: эффекты=['damage', 'stun', 'draw', 'b_chain', 'stun', 'destroy'], ищем в=['gear', 'bleed', 'draw', 'heal', 'damage', 'trash'], подходит=True
[DEBUG] [1] Reaper’s Scythe: эффекты=['r_chain', 'damage', 'def_n_text'], ищем в=['gear', 'bleed', 'draw', 'heal', 'damage', 'trash'], подходит=True
[DEBUG] [2] Gloves of Illusion: эффекты=['b_chain', 'spy', 'def_n_text'], ищем в=['gear', 'bleed', 'draw', 'heal', 'damage', 'trash'], подходит=False
[DEBUG] [3] Divine Blade: эффекты=['damage', 'draw', 'def_n_text'], ищем в=['gear', 'bleed', 'draw', 'heal', 'damage', 'trash'], подходит=True
[DEBUG] [4] Infection: эффекты=['damage', 'trash', 'g_chain', 'poison', 'blessing'], ищем в=['gear', 'bleed', 'draw', 'heal', 'damage', 'trash'], подходит=True
[DEBUG] filtered (после фильтрации): []
[DEBUG] effect_priority_zone: {'1': ['bleed', 'draw', 'trash', 'gear', 'blessing', 'priestess', 'heal', 'poison', 'spy', 'stun', 'damage'], '2': ['bleed', 'gear', 'draw', 'damage', 'trash', 'priestess', 'spy', 'heal', 'poison', 'stun', 'blessing'], '3': ['gear', 'bleed', 'draw', 'heal', 'damage', 'trash', 'priestess', 'spy', 'stun', 'poison', 'blessing']}
[94m
=== Ход 9 (P2) ===[0m
[94m[DEBUG] P2 старт хода: hand=['Resilience', 'Roll', 'Strike', 'Prayer', 'Toxin'], deck=['Prayer', 'Prayer', 'Prayer', 'Strike', 'Readiness', 'Prayer', 'Strike', 'Dash', 'Priestess', 'Insight', 'Festering Wound'], discard=[][0m
[94m[PLAYER] P2 (начало): HP=21, Poison=0, Bleed=0[0m
[94mHand(5): ['Resilience', 'Roll', 'Strike', 'Prayer', 'Toxin'][0m
[94mDeck(11): ['Prayer', 'Prayer', 'Prayer', 'Strike', 'Readiness', 'Prayer', 'Strike', 'Dash', 'Priestess', 'Insight', 'Festering Wound'][0m
[94mDiscard(0): [][0m
[94mTrash(6): ['Prayer', 'Priestess', 'Priestess', 'Priestess', 'Priestess', 'Prayer'][0m
[94mHP: 21[0m
[94mPoison: 0[0m
[94mBleed: 0[0m
[94m         Hand(5): ['Resilience', 'Roll', 'Strike', 'Prayer', 'Toxin'][0m
[94m         Deck(11): ['Prayer', 'Prayer', 'Prayer', 'Strike', 'Readiness', 'Prayer', 'Strike', 'Dash', 'Priestess', 'Insight', 'Festering Wound'][0m
[94m         Discard(0): [][0m
[94m         Gear(0): [][0m
[94m         Trash(6): ['Prayer', 'Priestess', 'Priestess', 'Priestess', 'Priestess', 'Prayer'][0m
[94m[DEBUG] Разыгрывается Resilience: effect1='{Draw 1}{Blessing 3}' -> [('draw', '1'), ('blessing', '3')][0m
[94m[DEBUG] Разыгрывается Resilience: effect2='None' -> [][0m
[94m[DEBUG] Разыгрывается Resilience: effect1text='None' -> [][0m
[94m[DEBUG] Разыгрывается Resilience: effect2text='{If_discarded}{Heal 2}{Heal_bleed 2}{Heal_poison 2}' -> [('if_discarded', None), ('heal', '2'), ('heal_bleed', '2'), ('heal_poison', '2')][0m
[94m[DEBUG] Разыгрывается карта Resilience, эффекты к применению: [('draw', '1'), ('blessing', '3'), ('if_discarded', None), ('heal', '2'), ('heal_bleed', '2'), ('heal_poison', '2')][0m
[94m[DEBUG] Разыгрывается Roll: effect1='{Blessing 2}{Heal 3}' -> [('blessing', '2'), ('heal', '3')][0m
[94m[DEBUG] Разыгрывается Roll: effect2='{W_chain}{Draw 1}' -> [('w_chain', None), ('draw', '1')][0m
[94m[DEBUG] Разыгрывается Roll: effect1text='None' -> [][0m
[94m[DEBUG] Разыгрывается Roll: effect2text='None' -> [][0m
[94m[DEBUG] Разыгрывается карта Roll, эффекты к применению: [('blessing', '2'), ('heal', '3'), ('w_chain', None), ('draw', '1')][0m
[94m[DEBUG] Разыгрывается Strike: effect1='{Damage 1}' -> [('damage', '1')][0m
[94m[DEBUG] Разыгрывается Strike: effect2='None' -> [][0m
[94m[DEBUG] Разыгрывается карта Strike, эффекты к применению: [('damage', '1')][0m
[94m[DEBUG] Разыгрывается Prayer: effect1='{Blessing 1}' -> [('blessing', '1')][0m
[94m[DEBUG] Разыгрывается Prayer: effect2='None' -> [][0m
[94m[DEBUG] Разыгрывается карта Prayer, эффекты к применению: [('blessing', '1')][0m
[94m[DEBUG] Разыгрывается Toxin: effect1='{Blessing 2}{Poison 1}{Trash 1}' -> [('blessing', '2'), ('poison', '1'), ('trash', '1')][0m
[94m[DEBUG] Разыгрывается Toxin: effect2='None' -> [][0m
[94m[DEBUG] Разыгрывается Toxin: effect1text='None' -> [][0m
[94m[DEBUG] Разыгрывается Toxin: effect2text='{Discard X}TO{Poison X}' -> [[('discard', 0)], [('poison', 0)]][0m
[94m[DEBUG] Разыгрывается карта Toxin, эффекты к применению: [('blessing', '2'), ('poison', '1'), ('trash', '1'), [('discard', 0)], [('poison', 0)]][0m
[94m[DEBUG] Разыгрывается Festering Wound: effect1='{Trash 1}{Poison 1}{Draw 1}' -> [('trash', '1'), ('poison', '1'), ('draw', '1')][0m
[94m[DEBUG] Разыгрывается Festering Wound: effect2='None' -> [][0m
[94m[DEBUG] Разыгрывается Festering Wound: effect1text='None' -> [][0m
[94m[DEBUG] Разыгрывается Festering Wound: effect2text='{G_chain}{Remove_poison X}TO{Damage X}' -> [[('g_chain', None), ('remove_poison', 0)], [('damage', 0)]][0m
[94m[DEBUG] Разыгрывается карта Festering Wound, эффекты к применению: [('trash', '1'), ('poison', '1'), ('draw', '1'), [('g_chain', None), ('remove_poison', 0)], [('damage', 0)]][0m
[94m[DEBUG] Разыгрывается Insight: effect1='{Damage 3}{Stun 1}' -> [('damage', '3'), ('stun', '1')][0m
[94m[DEBUG] Разыгрывается Insight: effect2='{B_chain}{Spy 3}{Draw 1}' -> [('b_chain', None), ('spy', '3'), ('draw', '1')][0m
[94m[DEBUG] Разыгрывается Insight: effect1text='None' -> [][0m
[94m[DEBUG] Разыгрывается Insight: effect2text='None' -> [][0m
[94m[DEBUG] Разыгрывается карта Insight, эффекты к применению: [('damage', '3'), ('stun', '1'), ('b_chain', None), ('spy', '3'), ('draw', '1')][0m
[94m[DEBUG] Разыгрывается Priestess: effect1='{Blessing 2}' -> [('blessing', '2')][0m
[94m[DEBUG] Разыгрывается Priestess: effect2='{Trash_this}TO{Damage 2}{Discard Monster}' -> [[('trash_this', None)], [('damage', '2'), ('discard', 'Monster')]][0m
[94m[DEBUG] Разыгрывается карта Priestess, эффекты к применению: [('blessing', '2'), [('trash_this', None)], [('damage', '2'), ('discard', 'Monster')]][0m
[94m[DEBUG] Разыгрывается Dash: effect1='{Damage 3}{Heal X}' -> [('damage', '3'), ('heal', 0)][0m
[94m[DEBUG] Разыгрывается Dash: effect2='{W_chain}{Blessing 2}{Draw 1}' -> [('w_chain', None), ('blessing', '2'), ('draw', '1')][0m
[94m[DEBUG] Разыгрывается Dash: effect1text='X Blessing cost of your most expensive card in Play Area' -> [][0m
[94m[DEBUG] Разыгрывается Dash: effect2text='None' -> [][0m
[94m[DEBUG] Разыгрывается карта Dash, эффекты к применению: [('damage', '3'), ('heal', 0), ('w_chain', None), ('blessing', '2'), ('draw', '1')][0m
[94m[DEBUG] Разыгрывается Strike: effect1='{Damage 1}' -> [('damage', '1')][0m
[94m[DEBUG] Разыгрывается Strike: effect2='None' -> [][0m
[94m[DEBUG] Разыгрывается карта Strike, эффекты к применению: [('damage', '1')][0m
[93m  Blessing на ход: 8, потрачено: 0[0m
[93m  Доступные для покупки: ['Stuning Light', 'Reaper’s Scythe', 'Gloves of Illusion', 'Divine Blade', 'Infection'][0m
[93m[DEBUG] market.trade_row после refill: ['Stuning Light(7)', 'Reaper’s Scythe(5)', 'Gloves of Illusion(5)', 'Divine Blade(6)', 'Infection(2)'][0m
[DEBUG-PRIO] zone_key: 3, effect_priority dict keys: ['1', '2', '3']
[DEBUG-PRIO] effect_priority_zone: ['draw', 'heal', 'poison', 'bleed', 'trash', 'priestess', 'gear', 'spy', 'stun', 'blessing', 'damage']
[DEBUG-PRIO] effect_priority_main: ['draw', 'heal', 'poison', 'bleed', 'trash']
[DEBUG] [0] Stuning Light: эффекты=['damage', 'stun', 'draw', 'b_chain', 'stun', 'destroy'], ищем в=['draw', 'heal', 'poison', 'bleed', 'trash'], подходит=True
[DEBUG] [1] Reaper’s Scythe: эффекты=['r_chain', 'damage', 'def_n_text'], ищем в=['draw', 'heal', 'poison', 'bleed', 'trash'], подходит=False
[DEBUG] [2] Gloves of Illusion: эффекты=['b_chain', 'spy', 'def_n_text'], ищем в=['draw', 'heal', 'poison', 'bleed', 'trash'], подходит=False
[DEBUG] [3] Divine Blade: эффекты=['damage', 'draw', 'def_n_text'], ищем в=['draw', 'heal', 'poison', 'bleed', 'trash'], подходит=True
[DEBUG] [4] Infection: эффекты=['damage', 'trash', 'g_chain', 'poison', 'blessing'], ищем в=['draw', 'heal', 'poison', 'bleed', 'trash'], подходит=True
[DEBUG-CHECK] Stuning Light: эффекты=['damage', 'stun', 'draw', 'b_chain', 'stun', 'destroy'], ищем в=['draw', 'heal', 'poison', 'bleed', 'trash'], результат=True
[DEBUG-CHECK-RAW] Stuning Light: raw_eff=('damage', '7')
[DEBUG-CHECK-RAW] Stuning Light: raw_eff=('stun', '1')
[DEBUG-CHECK-RAW] Stuning Light: raw_eff=('draw', '1')
[DEBUG-CHECK-RAW] Stuning Light: raw_eff=('b_chain', None)
[DEBUG-CHECK-RAW] Stuning Light: raw_eff=('stun', '1')
[DEBUG-CHECK-RAW] Stuning Light: raw_eff=('destroy', None)
[DEBUG-CHECK] Reaper’s Scythe: эффекты=['discard', 'bleed', 'defeat', 'r_chain', 'damage', 'def_n_text'], ищем в=['draw', 'heal', 'poison', 'bleed', 'trash'], результат=True
[DEBUG-CHECK-RAW] Reaper’s Scythe: raw_eff=[('discard', '1')]
[DEBUG-CHECK-RAW] Reaper’s Scythe: raw_eff=[('bleed', '3'), ('defeat', 'Monster')]
[DEBUG-CHECK-RAW] Reaper’s Scythe: raw_eff=('r_chain', None)
[DEBUG-CHECK-RAW] Reaper’s Scythe: raw_eff=('damage', '4')
[DEBUG-CHECK-RAW] Reaper’s Scythe: raw_eff=('def_n_text', '5')
[DEBUG-CHECK] Gloves of Illusion: эффекты=['b_chain', 'spy', 'def_n_text'], ищем в=['draw', 'heal', 'poison', 'bleed', 'trash'], результат=False
[DEBUG-CHECK-RAW] Gloves of Illusion: raw_eff=('b_chain', None)
[DEBUG-CHECK-RAW] Gloves of Illusion: raw_eff=('spy', '2')
[DEBUG-CHECK-RAW] Gloves of Illusion: raw_eff=('def_n_text', '5')
[DEBUG-CHECK] Divine Blade: эффекты=['damage', 'draw', 'trash_this', 'damage', 'def_n_text'], ищем в=['draw', 'heal', 'poison', 'bleed', 'trash'], результат=True
[DEBUG-CHECK-RAW] Divine Blade: raw_eff=('damage', '4')
[DEBUG-CHECK-RAW] Divine Blade: raw_eff=('draw', '1')
[DEBUG-CHECK-RAW] Divine Blade: raw_eff=[('trash_this', None)]
[DEBUG-CHECK-RAW] Divine Blade: raw_eff=[('damage', '5')]
[DEBUG-CHECK-RAW] Divine Blade: raw_eff=('def_n_text', '5')
[DEBUG-CHECK] Infection: эффекты=['damage', 'trash', 'g_chain', 'poison', 'blessing'], ищем в=['draw', 'heal', 'poison', 'bleed', 'trash'], результат=True
[DEBUG-CHECK-RAW] Infection: raw_eff=('damage', '2')
[DEBUG-CHECK-RAW] Infection: raw_eff=('trash', '1')
[DEBUG-CHECK-RAW] Infection: raw_eff=('g_chain', None)
[DEBUG-CHECK-RAW] Infection: raw_eff=('poison', '2')
[DEBUG-CHECK-RAW] Infection: raw_eff=('blessing', '2')
[DEBUG] filtered (после фильтрации): ['Stuning Light', 'Reaper’s Scythe', 'Divine Blade', 'Infection']
[DEBUG] effect_priority_zone: {'1': ['draw', 'heal', 'poison', 'bleed', 'trash', 'priestess', 'gear', 'spy', 'stun', 'blessing', 'damage'], '2': ['draw', 'heal', 'poison', 'bleed', 'trash', 'priestess', 'gear', 'spy', 'stun', 'blessing', 'damage'], '3': ['draw', 'heal', 'poison', 'bleed', 'trash', 'priestess', 'gear', 'spy', 'stun', 'blessing', 'damage']}
[93m  Куплена карта: Stuning Light[0m
[93m  Blessing на ход: 8, потрачено: 7[0m
[93m  Доступные для покупки: [][0m
[93m[DEBUG] market.trade_row после refill: ['Reaper’s Scythe(5)', 'Gloves of Illusion(5)', 'Divine Blade(6)', 'Infection(2)', 'Infection(2)'][0m
[DEBUG-PRIO] zone_key: 3, effect_priority dict keys: ['1', '2', '3']
[DEBUG-PRIO] effect_priority_zone: ['draw', 'heal', 'poison', 'bleed', 'trash', 'priestess', 'gear', 'spy', 'stun', 'blessing', 'damage']
[DEBUG-PRIO] effect_priority_main: ['draw', 'heal', 'poison', 'bleed', 'trash']
[DEBUG] [0] Reaper’s Scythe: эффекты=['r_chain', 'damage', 'def_n_text'], ищем в=['draw', 'heal', 'poison', 'bleed', 'trash'], подходит=False
[DEBUG] [1] Gloves of Illusion: эффекты=['b_chain', 'spy', 'def_n_text'], ищем в=['draw', 'heal', 'poison', 'bleed', 'trash'], подходит=False
[DEBUG] [2] Divine Blade: эффекты=['damage', 'draw', 'def_n_text'], ищем в=['draw', 'heal', 'poison', 'bleed', 'trash'], подходит=True
[DEBUG] [3] Infection: эффекты=['damage', 'trash', 'g_chain', 'poison', 'blessing'], ищем в=['draw', 'heal', 'poison', 'bleed', 'trash'], подходит=True
[DEBUG] [4] Infection: эффекты=['damage', 'trash', 'g_chain', 'poison', 'blessing'], ищем в=['draw', 'heal', 'poison', 'bleed', 'trash'], подходит=True
[DEBUG] filtered (после фильтрации): []
[DEBUG] effect_priority_zone: {'1': ['draw', 'heal', 'poison', 'bleed', 'trash', 'priestess', 'gear', 'spy', 'stun', 'blessing', 'damage'], '2': ['draw', 'heal', 'poison', 'bleed', 'trash', 'priestess', 'gear', 'spy', 'stun', 'blessing', 'damage'], '3': ['draw', 'heal', 'poison', 'bleed', 'trash', 'priestess', 'gear', 'spy', 'stun', 'blessing', 'damage']}
[92m
=== Ход 10 (P1) ===[0m
[92m[DEBUG] P1 старт хода: hand=['Quick Response', 'Prayer', 'Strike', 'Deceit'], deck=['Prayer'], discard=['Prayer', 'Priestess', 'Runeward Circlet', 'Heal Bash', 'Prayer', 'Strike', 'Crown of Madness', 'Prayer', 'Prayer', 'Leather Armor', 'Strike', 'Battle Rhythm', 'Battle Rhythm', 'Priestess', 'Omnipresent Step Boots'][0m
[92m[PLAYER] P1 (начало): HP=43, Poison=4, Bleed=0[0m
[92mHand(4): ['Quick Response', 'Prayer', 'Strike', 'Deceit'][0m
[92mDeck(1): ['Prayer'][0m
[92mDiscard(15): ['Prayer', 'Priestess', 'Runeward Circlet', 'Heal Bash', 'Prayer', 'Strike', 'Crown of Madness', 'Prayer', 'Prayer', 'Leather Armor', 'Strike', 'Battle Rhythm', 'Battle Rhythm', 'Priestess', 'Omnipresent Step Boots'][0m
[92mTrash(2): ['Prayer', 'Priestess'][0m
[92mHP: 43[0m
[92mPoison: 4[0m
[92mBleed: 0[0m
[92m         Hand(4): ['Quick Response', 'Prayer', 'Strike', 'Deceit'][0m
[92m         Deck(1): ['Prayer'][0m
[92m         Discard(15): ['Prayer', 'Priestess', 'Runeward Circlet', 'Heal Bash', 'Prayer', 'Strike', 'Crown of Madness', 'Prayer', 'Prayer', 'Leather Armor', 'Strike', 'Battle Rhythm', 'Battle Rhythm', 'Priestess', 'Omnipresent Step Boots'][0m
[92m         Gear(0): [][0m
[92m         Trash(2): ['Prayer', 'Priestess'][0m
[92m[DEBUG] Разыгрывается Quick Response: effect1='{Heal_bleed 3}OR{Heal_poison 3}' -> [[('heal_bleed', '3')], [('heal_poison', '3')]][0m
[92m[DEBUG] Разыгрывается Quick Response: effect2='{W_chain}{Damage 5}' -> [('w_chain', None), ('damage', '5')][0m
[92m[DEBUG] Разыгрывается Quick Response: effect1text='{Blessing 2}' -> [('blessing', '2')][0m
[92m[DEBUG] Разыгрывается Quick Response: effect2text='None' -> [][0m
[92m[DEBUG] Разыгрывается карта Quick Response, эффекты к применению: [[('heal_bleed', '3')], [('heal_poison', '3')], ('w_chain', None), ('damage', '5'), ('blessing', '2')][0m
[92m[DEBUG] Разыгрывается Prayer: effect1='{Blessing 1}' -> [('blessing', '1')][0m
[92m[DEBUG] Разыгрывается Prayer: effect2='None' -> [][0m
[92m[DEBUG] Разыгрывается карта Prayer, эффекты к применению: [('blessing', '1')][0m
[92m[DEBUG] Разыгрывается Strike: effect1='{Damage 1}' -> [('damage', '1')][0m
[92m[DEBUG] Разыгрывается Strike: effect2='None' -> [][0m
[92m[DEBUG] Разыгрывается карта Strike, эффекты к применению: [('damage', '1')][0m
[92m[DEBUG] Разыгрывается Deceit: effect1='{Stun 1}{Draw 1}' -> [('stun', '1'), ('draw', '1')][0m
[92m[DEBUG] Разыгрывается Deceit: effect2='{B_chain}{Spy 2}TOCopy Main Abilities of one revealed card' -> [[('b_chain', None), ('spy', '2')], []][0m
[92m[DEBUG] Разыгрывается Deceit: effect1text='None' -> [][0m
[92m[DEBUG] Разыгрывается Deceit: effect2text='None' -> [][0m
[92m[DEBUG] Разыгрывается карта Deceit, эффекты к применению: [('stun', '1'), ('draw', '1'), [('b_chain', None), ('spy', '2')], []][0m
[92m[DEBUG] Разыгрывается Prayer: effect1='{Blessing 1}' -> [('blessing', '1')][0m
[92m[DEBUG] Разыгрывается Prayer: effect2='None' -> [][0m
[92m[DEBUG] Разыгрывается карта Prayer, эффекты к применению: [('blessing', '1')][0m
[93m  Blessing на ход: 3, потрачено: 0[0m
[93m  Доступные для покупки: ['Infection', 'Infection'][0m
[93m[DEBUG] market.trade_row после refill: ['Reaper’s Scythe(5)', 'Gloves of Illusion(5)', 'Divine Blade(6)', 'Infection(2)', 'Infection(2)'][0m
[DEBUG-PRIO] zone_key: 3, effect_priority dict keys: ['1', '2', '3']
[DEBUG-PRIO] effect_priority_zone: ['gear', 'bleed', 'draw', 'heal', 'damage', 'trash', 'priestess', 'spy', 'stun', 'poison', 'blessing']
[DEBUG-PRIO] effect_priority_main: ['gear', 'bleed', 'draw', 'heal', 'damage', 'trash']
[DEBUG] [0] Reaper’s Scythe: эффекты=['r_chain', 'damage', 'def_n_text'], ищем в=['gear', 'bleed', 'draw', 'heal', 'damage', 'trash'], подходит=True
[DEBUG] [1] Gloves of Illusion: эффекты=['b_chain', 'spy', 'def_n_text'], ищем в=['gear', 'bleed', 'draw', 'heal', 'damage', 'trash'], подходит=False
[DEBUG] [2] Divine Blade: эффекты=['damage', 'draw', 'def_n_text'], ищем в=['gear', 'bleed', 'draw', 'heal', 'damage', 'trash'], подходит=True
[DEBUG] [3] Infection: эффекты=['damage', 'trash', 'g_chain', 'poison', 'blessing'], ищем в=['gear', 'bleed', 'draw', 'heal', 'damage', 'trash'], подходит=True
[DEBUG] [4] Infection: эффекты=['damage', 'trash', 'g_chain', 'poison', 'blessing'], ищем в=['gear', 'bleed', 'draw', 'heal', 'damage', 'trash'], подходит=True
[DEBUG-CHECK] Infection: эффекты=['damage', 'trash', 'g_chain', 'poison', 'blessing'], ищем в=['gear', 'bleed', 'draw', 'heal', 'damage', 'trash'], результат=True
[DEBUG-CHECK-RAW] Infection: raw_eff=('damage', '2')
[DEBUG-CHECK-RAW] Infection: raw_eff=('trash', '1')
[DEBUG-CHECK-RAW] Infection: raw_eff=('g_chain', None)
[DEBUG-CHECK-RAW] Infection: raw_eff=('poison', '2')
[DEBUG-CHECK-RAW] Infection: raw_eff=('blessing', '2')
[DEBUG-CHECK] Infection: эффекты=['damage', 'trash', 'g_chain', 'poison', 'blessing'], ищем в=['gear', 'bleed', 'draw', 'heal', 'damage', 'trash'], результат=True
[DEBUG-CHECK-RAW] Infection: raw_eff=('damage', '2')
[DEBUG-CHECK-RAW] Infection: raw_eff=('trash', '1')
[DEBUG-CHECK-RAW] Infection: raw_eff=('g_chain', None)
[DEBUG-CHECK-RAW] Infection: raw_eff=('poison', '2')
[DEBUG-CHECK-RAW] Infection: raw_eff=('blessing', '2')
[DEBUG] filtered (после фильтрации): ['Infection', 'Infection']
[DEBUG] effect_priority_zone: {'1': ['bleed', 'draw', 'trash', 'gear', 'blessing', 'priestess', 'heal', 'poison', 'spy', 'stun', 'damage'], '2': ['bleed', 'gear', 'draw', 'damage', 'trash', 'priestess', 'spy', 'heal', 'poison', 'stun', 'blessing'], '3': ['gear', 'bleed', 'draw', 'heal', 'damage', 'trash', 'priestess', 'spy', 'stun', 'poison', 'blessing']}
[93m  Куплена карта: Infection[0m
[93m  Blessing на ход: 3, потрачено: 2[0m
[93m  Доступные для покупки: [][0m
[93m[DEBUG] market.trade_row после refill: ['Reaper’s Scythe(5)', 'Gloves of Illusion(5)', 'Divine Blade(6)', 'Infection(2)', 'Vampire’s Blessing Ring(3)'][0m
[DEBUG-PRIO] zone_key: 3, effect_priority dict keys: ['1', '2', '3']
[DEBUG-PRIO] effect_priority_zone: ['gear', 'bleed', 'draw', 'heal', 'damage', 'trash', 'priestess', 'spy', 'stun', 'poison', 'blessing']
[DEBUG-PRIO] effect_priority_main: ['gear', 'bleed', 'draw', 'heal', 'damage', 'trash']
[DEBUG] [0] Reaper’s Scythe: эффекты=['r_chain', 'damage', 'def_n_text'], ищем в=['gear', 'bleed', 'draw', 'heal', 'damage', 'trash'], подходит=True
[DEBUG] [1] Gloves of Illusion: эффекты=['b_chain', 'spy', 'def_n_text'], ищем в=['gear', 'bleed', 'draw', 'heal', 'damage', 'trash'], подходит=False
[DEBUG] [2] Divine Blade: эффекты=['damage', 'draw', 'def_n_text'], ищем в=['gear', 'bleed', 'draw', 'heal', 'damage', 'trash'], подходит=True
[DEBUG] [3] Infection: эффекты=['damage', 'trash', 'g_chain', 'poison', 'blessing'], ищем в=['gear', 'bleed', 'draw', 'heal', 'damage', 'trash'], подходит=True
[DEBUG] [4] Vampire’s Blessing Ring: эффекты=['damage', 'blessing', 'r_chain', 'bleed', 'def_n_text'], ищем в=['gear', 'bleed', 'draw', 'heal', 'damage', 'trash'], подходит=True
[DEBUG] filtered (после фильтрации): []
[DEBUG] effect_priority_zone: {'1': ['bleed', 'draw', 'trash', 'gear', 'blessing', 'priestess', 'heal', 'poison', 'spy', 'stun', 'damage'], '2': ['bleed', 'gear', 'draw', 'damage', 'trash', 'priestess', 'spy', 'heal', 'poison', 'stun', 'blessing'], '3': ['gear', 'bleed', 'draw', 'heal', 'damage', 'trash', 'priestess', 'spy', 'stun', 'poison', 'blessing']}
[94m
=== Ход 10 (P2) ===[0m
[94m[DEBUG] P2 старт хода: hand=['Readiness', 'Strike', 'Prayer', 'Prayer'], deck=['Prayer'], discard=['Resilience', 'Roll', 'Toxin', 'Festering Wound', 'Insight', 'Dash', 'Strike', 'Stuning Light', 'Prayer'][0m
[94m[PLAYER] P2 (начало): HP=18, Poison=0, Bleed=0[0m
[94mHand(4): ['Readiness', 'Strike', 'Prayer', 'Prayer'][0m
[94mDeck(1): ['Prayer'][0m
[94mDiscard(9): ['Resilience', 'Roll', 'Toxin', 'Festering Wound', 'Insight', 'Dash', 'Strike', 'Stuning Light', 'Prayer'][0m
[94mTrash(9): ['Prayer', 'Priestess', 'Priestess', 'Priestess', 'Priestess', 'Prayer', 'Strike', 'Prayer', 'Priestess'][0m
[94mHP: 18[0m
[94mPoison: 0[0m
[94mBleed: 0[0m
[94m         Hand(4): ['Readiness', 'Strike', 'Prayer', 'Prayer'][0m
[94m         Deck(1): ['Prayer'][0m
[94m         Discard(9): ['Resilience', 'Roll', 'Toxin', 'Festering Wound', 'Insight', 'Dash', 'Strike', 'Stuning Light', 'Prayer'][0m
[94m         Gear(0): [][0m
[94m         Trash(9): ['Prayer', 'Priestess', 'Priestess', 'Priestess', 'Priestess', 'Prayer', 'Strike', 'Prayer', 'Priestess'][0m
[94m[DEBUG] Разыгрывается Readiness: effect1='{Heal 4}OR{Heal_bleed 2}or{Heal_poison 2}' -> [[('heal', '4')], [('heal_bleed', '2'), ('heal_poison', '2')]][0m
[94m[DEBUG] Разыгрывается Readiness: effect2='{W_chain}{Ready 1}' -> [('w_chain', None), ('ready', '1')][0m
[94m[DEBUG] Разыгрывается Readiness: effect1text='None' -> [][0m
[94m[DEBUG] Разыгрывается Readiness: effect2text='None' -> [][0m
[94m[DEBUG] Разыгрывается карта Readiness, эффекты к применению: [[('heal', '4')], [('heal_bleed', '2'), ('heal_poison', '2')], ('w_chain', None), ('ready', '1')][0m
[94m[DEBUG] Разыгрывается Strike: effect1='{Damage 1}' -> [('damage', '1')][0m
[94m[DEBUG] Разыгрывается Strike: effect2='None' -> [][0m
[94m[DEBUG] Разыгрывается карта Strike, эффекты к применению: [('damage', '1')][0m
[94m[DEBUG] Разыгрывается Prayer: effect1='{Blessing 1}' -> [('blessing', '1')][0m
[94m[DEBUG] Разыгрывается Prayer: effect2='None' -> [][0m
[94m[DEBUG] Разыгрывается карта Prayer, эффекты к применению: [('blessing', '1')][0m
[94m[DEBUG] Разыгрывается Prayer: effect1='{Blessing 1}' -> [('blessing', '1')][0m
[94m[DEBUG] Разыгрывается Prayer: effect2='None' -> [][0m
[94m[DEBUG] Разыгрывается карта Prayer, эффекты к применению: [('blessing', '1')][0m
[93m  Blessing на ход: 2, потрачено: 0[0m
[93m  Доступные для покупки: ['Infection'][0m
[93m[DEBUG] market.trade_row после refill: ['Reaper’s Scythe(5)', 'Gloves of Illusion(5)', 'Divine Blade(6)', 'Infection(2)', 'Vampire’s Blessing Ring(3)'][0m
[DEBUG-PRIO] zone_key: 3, effect_priority dict keys: ['1', '2', '3']
[DEBUG-PRIO] effect_priority_zone: ['draw', 'heal', 'poison', 'bleed', 'trash', 'priestess', 'gear', 'spy', 'stun', 'blessing', 'damage']
[DEBUG-PRIO] effect_priority_main: ['draw', 'heal', 'poison', 'bleed', 'trash']
[DEBUG] [0] Reaper’s Scythe: эффекты=['r_chain', 'damage', 'def_n_text'], ищем в=['draw', 'heal', 'poison', 'bleed', 'trash'], подходит=False
[DEBUG] [1] Gloves of Illusion: эффекты=['b_chain', 'spy', 'def_n_text'], ищем в=['draw', 'heal', 'poison', 'bleed', 'trash'], подходит=False
[DEBUG] [2] Divine Blade: эффекты=['damage', 'draw', 'def_n_text'], ищем в=['draw', 'heal', 'poison', 'bleed', 'trash'], подходит=True
[DEBUG] [3] Infection: эффекты=['damage', 'trash', 'g_chain', 'poison', 'blessing'], ищем в=['draw', 'heal', 'poison', 'bleed', 'trash'], подходит=True
[DEBUG] [4] Vampire’s Blessing Ring: эффекты=['damage', 'blessing', 'r_chain', 'bleed', 'def_n_text'], ищем в=['draw', 'heal', 'poison', 'bleed', 'trash'], подходит=True
[DEBUG-CHECK] Infection: эффекты=['damage', 'trash', 'g_chain', 'poison', 'blessing'], ищем в=['draw', 'heal', 'poison', 'bleed', 'trash'], результат=True
[DEBUG-CHECK-RAW] Infection: raw_eff=('damage', '2')
[DEBUG-CHECK-RAW] Infection: raw_eff=('trash', '1')
[DEBUG-CHECK-RAW] Infection: raw_eff=('g_chain', None)
[DEBUG-CHECK-RAW] Infection: raw_eff=('poison', '2')
[DEBUG-CHECK-RAW] Infection: raw_eff=('blessing', '2')
[DEBUG] filtered (после фильтрации): ['Infection']
[DEBUG] effect_priority_zone: {'1': ['draw', 'heal', 'poison', 'bleed', 'trash', 'priestess', 'gear', 'spy', 'stun', 'blessing', 'damage'], '2': ['draw', 'heal', 'poison', 'bleed', 'trash', 'priestess', 'gear', 'spy', 'stun', 'blessing', 'damage'], '3': ['draw', 'heal', 'poison', 'bleed', 'trash', 'priestess', 'gear', 'spy', 'stun', 'blessing', 'damage']}
[93m  Куплена карта: Infection[0m
[93m  Blessing на ход: 2, потрачено: 2[0m
[93m  Доступные для покупки: [][0m
[93m[DEBUG] market.trade_row после refill: ['Reaper’s Scythe(5)', 'Gloves of Illusion(5)', 'Divine Blade(6)', 'Vampire’s Blessing Ring(3)', 'Fortress Shield(5)'][0m
[DEBUG-PRIO] zone_key: 3, effect_priority dict keys: ['1', '2', '3']
[DEBUG-PRIO] effect_priority_zone: ['draw', 'heal', 'poison', 'bleed', 'trash', 'priestess', 'gear', 'spy', 'stun', 'blessing', 'damage']
[DEBUG-PRIO] effect_priority_main: ['draw', 'heal', 'poison', 'bleed', 'trash']
[DEBUG] [0] Reaper’s Scythe: эффекты=['r_chain', 'damage', 'def_n_text'], ищем в=['draw', 'heal', 'poison', 'bleed', 'trash'], подходит=False
[DEBUG] [1] Gloves of Illusion: эффекты=['b_chain', 'spy', 'def_n_text'], ищем в=['draw', 'heal', 'poison', 'bleed', 'trash'], подходит=False
[DEBUG] [2] Divine Blade: эффекты=['damage', 'draw', 'def_n_text'], ищем в=['draw', 'heal', 'poison', 'bleed', 'trash'], подходит=True
[DEBUG] [3] Vampire’s Blessing Ring: эффекты=['damage', 'blessing', 'r_chain', 'bleed', 'def_n_text'], ищем в=['draw', 'heal', 'poison', 'bleed', 'trash'], подходит=True
[DEBUG] [4] Fortress Shield: эффекты=['w_chain', 'draw', 'def_y_text'], ищем в=['draw', 'heal', 'poison', 'bleed', 'trash'], подходит=True
[DEBUG] filtered (после фильтрации): []
[DEBUG] effect_priority_zone: {'1': ['draw', 'heal', 'poison', 'bleed', 'trash', 'priestess', 'gear', 'spy', 'stun', 'blessing', 'damage'], '2': ['draw', 'heal', 'poison', 'bleed', 'trash', 'priestess', 'gear', 'spy', 'stun', 'blessing', 'damage'], '3': ['draw', 'heal', 'poison', 'bleed', 'trash', 'priestess', 'gear', 'spy', 'stun', 'blessing', 'damage']}
[92m
=== Ход 11 (P1) ===[0m
[92m[DEBUG] P1 старт хода: hand=['Prayer', 'Battle Rhythm', 'Prayer', 'Strike', 'Quick Response'], deck=['Deceit', 'Prayer', 'Leather Armor', 'Crown of Madness', 'Battle Rhythm', 'Runeward Circlet', 'Prayer', 'Heal Bash', 'Strike', 'Infection', 'Priestess', 'Strike', 'Priestess', 'Omnipresent Step Boots', 'Prayer', 'Prayer'], discard=[][0m
[92m[PLAYER] P1 (начало): HP=42, Poison=4, Bleed=0[0m
[92mHand(5): ['Prayer', 'Battle Rhythm', 'Prayer', 'Strike', 'Quick Response'][0m
[92mDeck(16): ['Deceit', 'Prayer', 'Leather Armor', 'Crown of Madness', 'Battle Rhythm', 'Runeward Circlet', 'Prayer', 'Heal Bash', 'Strike', 'Infection', 'Priestess', 'Strike', 'Priestess', 'Omnipresent Step Boots', 'Prayer', 'Prayer'][0m
[92mDiscard(0): [][0m
[92mTrash(2): ['Prayer', 'Priestess'][0m
[92mHP: 42[0m
[92mPoison: 4[0m
[92mBleed: 0[0m
[92m         Hand(5): ['Prayer', 'Battle Rhythm', 'Prayer', 'Strike', 'Quick Response'][0m
[92m         Deck(16): ['Deceit', 'Prayer', 'Leather Armor', 'Crown of Madness', 'Battle Rhythm', 'Runeward Circlet', 'Prayer', 'Heal Bash', 'Strike', 'Infection', 'Priestess', 'Strike', 'Priestess', 'Omnipresent Step Boots', 'Prayer', 'Prayer'][0m
[92m         Discard(0): [][0m
[92m         Gear(0): [][0m
[92m         Trash(2): ['Prayer', 'Priestess'][0m
[92m[DEBUG] Разыгрывается Prayer: effect1='{Blessing 1}' -> [('blessing', '1')][0m
[92m[DEBUG] Разыгрывается Prayer: effect2='None' -> [][0m
[92m[DEBUG] Разыгрывается карта Prayer, эффекты к применению: [('blessing', '1')][0m
[92m[DEBUG] Разыгрывается Battle Rhythm: effect1='{Stun 1}{Damage 2}' -> [('stun', '1'), ('damage', '2')][0m
[92m[DEBUG] Разыгрывается Battle Rhythm: effect2='This turn your cards have Chain with the cards in the Trade Row' -> [][0m
[92m[DEBUG] Разыгрывается Battle Rhythm: effect1text='None' -> [][0m
[92m[DEBUG] Разыгрывается Battle Rhythm: effect2text='None' -> [][0m
[92m[DEBUG] Разыгрывается карта Battle Rhythm, эффекты к применению: [('stun', '1'), ('damage', '2')][0m
[92m[DEBUG] Разыгрывается Prayer: effect1='{Blessing 1}' -> [('blessing', '1')][0m
[92m[DEBUG] Разыгрывается Prayer: effect2='None' -> [][0m
[92m[DEBUG] Разыгрывается карта Prayer, эффекты к применению: [('blessing', '1')][0m
[92m[DEBUG] Разыгрывается Strike: effect1='{Damage 1}' -> [('damage', '1')][0m
[92m[DEBUG] Разыгрывается Strike: effect2='None' -> [][0m
[92m[DEBUG] Разыгрывается карта Strike, эффекты к применению: [('damage', '1')][0m
[92m[DEBUG] Разыгрывается Quick Response: effect1='{Heal_bleed 3}OR{Heal_poison 3}' -> [[('heal_bleed', '3')], [('heal_poison', '3')]][0m
[92m[DEBUG] Разыгрывается Quick Response: effect2='{W_chain}{Damage 5}' -> [('w_chain', None), ('damage', '5')][0m
[92m[DEBUG] Разыгрывается Quick Response: effect1text='{Blessing 2}' -> [('blessing', '2')][0m
[92m[DEBUG] Разыгрывается Quick Response: effect2text='None' -> [][0m
[92m[DEBUG] Разыгрывается карта Quick Response, эффекты к применению: [[('heal_bleed', '3')], [('heal_poison', '3')], ('w_chain', None), ('damage', '5'), ('blessing', '2')][0m
[93m  Blessing на ход: 4, потрачено: 0[0m
[93m  Доступные для покупки: ['Vampire’s Blessing Ring'][0m
[93m[DEBUG] market.trade_row после refill: ['Reaper’s Scythe(5)', 'Gloves of Illusion(5)', 'Divine Blade(6)', 'Vampire’s Blessing Ring(3)', 'Fortress Shield(5)'][0m
[DEBUG-PRIO] zone_key: 3, effect_priority dict keys: ['1', '2', '3']
[DEBUG-PRIO] effect_priority_zone: ['gear', 'bleed', 'draw', 'heal', 'damage', 'trash', 'priestess', 'spy', 'stun', 'poison', 'blessing']
[DEBUG-PRIO] effect_priority_main: ['gear', 'bleed', 'draw', 'heal', 'damage', 'trash']
[DEBUG] [0] Reaper’s Scythe: эффекты=['r_chain', 'damage', 'def_n_text'], ищем в=['gear', 'bleed', 'draw', 'heal', 'damage', 'trash'], подходит=True
[DEBUG] [1] Gloves of Illusion: эффекты=['b_chain', 'spy', 'def_n_text'], ищем в=['gear', 'bleed', 'draw', 'heal', 'damage', 'trash'], подходит=False
[DEBUG] [2] Divine Blade: эффекты=['damage', 'draw', 'def_n_text'], ищем в=['gear', 'bleed', 'draw', 'heal', 'damage', 'trash'], подходит=True
[DEBUG] [3] Vampire’s Blessing Ring: эффекты=['damage', 'blessing', 'r_chain', 'bleed', 'def_n_text'], ищем в=['gear', 'bleed', 'draw', 'heal', 'damage', 'trash'], подходит=True
[DEBUG] [4] Fortress Shield: эффекты=['w_chain', 'draw', 'def_y_text'], ищем в=['gear', 'bleed', 'draw', 'heal', 'damage', 'trash'], подходит=True
[DEBUG-CHECK] Vampire’s Blessing Ring: is_gear=True, ищем в=['gear', 'bleed', 'draw', 'heal', 'damage', 'trash'], результат=True
[DEBUG] filtered (после фильтрации): ['Vampire’s Blessing Ring']
[DEBUG] effect_priority_zone: {'1': ['bleed', 'draw', 'trash', 'gear', 'blessing', 'priestess', 'heal', 'poison', 'spy', 'stun', 'damage'], '2': ['bleed', 'gear', 'draw', 'damage', 'trash', 'priestess', 'spy', 'heal', 'poison', 'stun', 'blessing'], '3': ['gear', 'bleed', 'draw', 'heal', 'damage', 'trash', 'priestess', 'spy', 'stun', 'poison', 'blessing']}
[93m  Куплена карта: Vampire’s Blessing Ring[0m
[93m  Blessing на ход: 4, потрачено: 3[0m
[93m  Доступные для покупки: [][0m
[93m[DEBUG] market.trade_row после refill: ['Reaper’s Scythe(5)', 'Gloves of Illusion(5)', 'Divine Blade(6)', 'Fortress Shield(5)', 'Assault(2)'][0m
[DEBUG-PRIO] zone_key: 3, effect_priority dict keys: ['1', '2', '3']
[DEBUG-PRIO] effect_priority_zone: ['gear', 'bleed', 'draw', 'heal', 'damage', 'trash', 'priestess', 'spy', 'stun', 'poison', 'blessing']
[DEBUG-PRIO] effect_priority_main: ['gear', 'bleed', 'draw', 'heal', 'damage', 'trash']
[DEBUG] [0] Reaper’s Scythe: эффекты=['r_chain', 'damage', 'def_n_text'], ищем в=['gear', 'bleed', 'draw', 'heal', 'damage', 'trash'], подходит=True
[DEBUG] [1] Gloves of Illusion: эффекты=['b_chain', 'spy', 'def_n_text'], ищем в=['gear', 'bleed', 'draw', 'heal', 'damage', 'trash'], подходит=False
[DEBUG] [2] Divine Blade: эффекты=['damage', 'draw', 'def_n_text'], ищем в=['gear', 'bleed', 'draw', 'heal', 'damage', 'trash'], подходит=True
[DEBUG] [3] Fortress Shield: эффекты=['w_chain', 'draw', 'def_y_text'], ищем в=['gear', 'bleed', 'draw', 'heal', 'damage', 'trash'], подходит=True
[DEBUG] [4] Assault: эффекты=['blessing', 'damage'], ищем в=['gear', 'bleed', 'draw', 'heal', 'damage', 'trash'], подходит=True
[DEBUG] filtered (после фильтрации): []
[DEBUG] effect_priority_zone: {'1': ['bleed', 'draw', 'trash', 'gear', 'blessing', 'priestess', 'heal', 'poison', 'spy', 'stun', 'damage'], '2': ['bleed', 'gear', 'draw', 'damage', 'trash', 'priestess', 'spy', 'heal', 'poison', 'stun', 'blessing'], '3': ['gear', 'bleed', 'draw', 'heal', 'damage', 'trash', 'priestess', 'spy', 'stun', 'poison', 'blessing']}
[94m
=== Ход 11 (P2) ===[0m
[94m[DEBUG] P2 старт хода: hand=['Dash', 'Prayer', 'Strike', 'Readiness'], deck=['Infection', 'Strike', 'Roll', 'Festering Wound', 'Prayer', 'Toxin', 'Insight', 'Stuning Light', 'Prayer', 'Resilience'], discard=['Prayer'][0m
[94m[PLAYER] P2 (начало): HP=10, Poison=0, Bleed=0[0m
[94mHand(4): ['Dash', 'Prayer', 'Strike', 'Readiness'][0m
[94mDeck(10): ['Infection', 'Strike', 'Roll', 'Festering Wound', 'Prayer', 'Toxin', 'Insight', 'Stuning Light', 'Prayer', 'Resilience'][0m
[94mDiscard(1): ['Prayer'][0m
[94mTrash(9): ['Prayer', 'Priestess', 'Priestess', 'Priestess', 'Priestess', 'Prayer', 'Strike', 'Prayer', 'Priestess'][0m
[94mHP: 10[0m
[94mPoison: 0[0m
[94mBleed: 0[0m
[94m         Hand(4): ['Dash', 'Prayer', 'Strike', 'Readiness'][0m
[94m         Deck(10): ['Infection', 'Strike', 'Roll', 'Festering Wound', 'Prayer', 'Toxin', 'Insight', 'Stuning Light', 'Prayer', 'Resilience'][0m
[94m         Discard(1): ['Prayer'][0m
[94m         Gear(0): [][0m
[94m         Trash(9): ['Prayer', 'Priestess', 'Priestess', 'Priestess', 'Priestess', 'Prayer', 'Strike', 'Prayer', 'Priestess'][0m
[94m[DEBUG] Разыгрывается Dash: effect1='{Damage 3}{Heal X}' -> [('damage', '3'), ('heal', 0)][0m
[94m[DEBUG] Разыгрывается Dash: effect2='{W_chain}{Blessing 2}{Draw 1}' -> [('w_chain', None), ('blessing', '2'), ('draw', '1')][0m
[94m[DEBUG] Разыгрывается Dash: effect1text='X Blessing cost of your most expensive card in Play Area' -> [][0m
[94m[DEBUG] Разыгрывается Dash: effect2text='None' -> [][0m
[94m[DEBUG] Разыгрывается карта Dash, эффекты к применению: [('damage', '3'), ('heal', 0), ('w_chain', None), ('blessing', '2'), ('draw', '1')][0m
[94m[DEBUG] Разыгрывается Prayer: effect1='{Blessing 1}' -> [('blessing', '1')][0m
[94m[DEBUG] Разыгрывается Prayer: effect2='None' -> [][0m
[94m[DEBUG] Разыгрывается карта Prayer, эффекты к применению: [('blessing', '1')][0m
[94m[DEBUG] Разыгрывается Strike: effect1='{Damage 1}' -> [('damage', '1')][0m
[94m[DEBUG] Разыгрывается Strike: effect2='None' -> [][0m
[94m[DEBUG] Разыгрывается карта Strike, эффекты к применению: [('damage', '1')][0m
[94m[DEBUG] Разыгрывается Readiness: effect1='{Heal 4}OR{Heal_bleed 2}or{Heal_poison 2}' -> [[('heal', '4')], [('heal_bleed', '2'), ('heal_poison', '2')]][0m
[94m[DEBUG] Разыгрывается Readiness: effect2='{W_chain}{Ready 1}' -> [('w_chain', None), ('ready', '1')][0m
[94m[DEBUG] Разыгрывается Readiness: effect1text='None' -> [][0m
[94m[DEBUG] Разыгрывается Readiness: effect2text='None' -> [][0m
[94m[DEBUG] Разыгрывается карта Readiness, эффекты к применению: [[('heal', '4')], [('heal_bleed', '2'), ('heal_poison', '2')], ('w_chain', None), ('ready', '1')][0m
[94m[DEBUG] Разыгрывается Resilience: effect1='{Draw 1}{Blessing 3}' -> [('draw', '1'), ('blessing', '3')][0m
[94m[DEBUG] Разыгрывается Resilience: effect2='None' -> [][0m
[94m[DEBUG] Разыгрывается Resilience: effect1text='None' -> [][0m
[94m[DEBUG] Разыгрывается Resilience: effect2text='{If_discarded}{Heal 2}{Heal_bleed 2}{Heal_poison 2}' -> [('if_discarded', None), ('heal', '2'), ('heal_bleed', '2'), ('heal_poison', '2')][0m
[94m[DEBUG] Разыгрывается карта Resilience, эффекты к применению: [('draw', '1'), ('blessing', '3'), ('if_discarded', None), ('heal', '2'), ('heal_bleed', '2'), ('heal_poison', '2')][0m
[94m[DEBUG] Разыгрывается Prayer: effect1='{Blessing 1}' -> [('blessing', '1')][0m
[94m[DEBUG] Разыгрывается Prayer: effect2='None' -> [][0m
[94m[DEBUG] Разыгрывается карта Prayer, эффекты к применению: [('blessing', '1')][0m
[93m  Blessing на ход: 3, потрачено: 0[0m
[93m  Доступные для покупки: ['Assault'][0m
[93m[DEBUG] market.trade_row после refill: ['Reaper’s Scythe(5)', 'Gloves of Illusion(5)', 'Divine Blade(6)', 'Fortress Shield(5)', 'Assault(2)'][0m
[DEBUG-PRIO] zone_key: 3, effect_priority dict keys: ['1', '2', '3']
[DEBUG-PRIO] effect_priority_zone: ['draw', 'heal', 'poison', 'bleed', 'trash', 'priestess', 'gear', 'spy', 'stun', 'blessing', 'damage']
[DEBUG-PRIO] effect_priority_main: ['draw', 'heal', 'poison', 'bleed', 'trash']
[DEBUG] [0] Reaper’s Scythe: эффекты=['r_chain', 'damage', 'def_n_text'], ищем в=['draw', 'heal', 'poison', 'bleed', 'trash'], подходит=False
[DEBUG] [1] Gloves of Illusion: эффекты=['b_chain', 'spy', 'def_n_text'], ищем в=['draw', 'heal', 'poison', 'bleed', 'trash'], подходит=False
[DEBUG] [2] Divine Blade: эффекты=['damage', 'draw', 'def_n_text'], ищем в=['draw', 'heal', 'poison', 'bleed', 'trash'], подходит=True
[DEBUG] [3] Fortress Shield: эффекты=['w_chain', 'draw', 'def_y_text'], ищем в=['draw', 'heal', 'poison', 'bleed', 'trash'], подходит=True
[DEBUG] [4] Assault: эффекты=['blessing', 'damage'], ищем в=['draw', 'heal', 'poison', 'bleed', 'trash'], подходит=False
[DEBUG-CHECK] Assault: эффекты=['blessing', 'damage', 'r_chain', 'discard'], ищем в=['draw', 'heal', 'poison', 'bleed', 'trash'], результат=False
[DEBUG-CHECK-RAW] Assault: raw_eff=('blessing', '2')
[DEBUG-CHECK-RAW] Assault: raw_eff=('damage', '3')
[DEBUG-CHECK-RAW] Assault: raw_eff=[('r_chain', None), ('discard', 'Monster')]
[DEBUG-CHECK-RAW] Assault: raw_eff=[]
[DEBUG] filtered (после фильтрации): []
[DEBUG] effect_priority_zone: {'1': ['draw', 'heal', 'poison', 'bleed', 'trash', 'priestess', 'gear', 'spy', 'stun', 'blessing', 'damage'], '2': ['draw', 'heal', 'poison', 'bleed', 'trash', 'priestess', 'gear', 'spy', 'stun', 'blessing', 'damage'], '3': ['draw', 'heal', 'poison', 'bleed', 'trash', 'priestess', 'gear', 'spy', 'stun', 'blessing', 'damage']}
[93m  Куплена карта: Priestess[0m
[93m  Blessing на ход: 3, потрачено: 2[0m
[93m  Доступные для покупки: [][0m
[93m[DEBUG] market.trade_row после refill: ['Reaper’s Scythe(5)', 'Gloves of Illusion(5)', 'Divine Blade(6)', 'Fortress Shield(5)', 'Assault(2)'][0m
[DEBUG-PRIO] zone_key: 3, effect_priority dict keys: ['1', '2', '3']
[DEBUG-PRIO] effect_priority_zone: ['draw', 'heal', 'poison', 'bleed', 'trash', 'priestess', 'gear', 'spy', 'stun', 'blessing', 'damage']
[DEBUG-PRIO] effect_priority_main: ['draw', 'heal', 'poison', 'bleed', 'trash']
[DEBUG] [0] Reaper’s Scythe: эффекты=['r_chain', 'damage', 'def_n_text'], ищем в=['draw', 'heal', 'poison', 'bleed', 'trash'], подходит=False
[DEBUG] [1] Gloves of Illusion: эффекты=['b_chain', 'spy', 'def_n_text'], ищем в=['draw', 'heal', 'poison', 'bleed', 'trash'], подходит=False
[DEBUG] [2] Divine Blade: эффекты=['damage', 'draw', 'def_n_text'], ищем в=['draw', 'heal', 'poison', 'bleed', 'trash'], подходит=True
[DEBUG] [3] Fortress Shield: эффекты=['w_chain', 'draw', 'def_y_text'], ищем в=['draw', 'heal', 'poison', 'bleed', 'trash'], подходит=True
[DEBUG] [4] Assault: эффекты=['blessing', 'damage'], ищем в=['draw', 'heal', 'poison', 'bleed', 'trash'], подходит=False
[DEBUG] filtered (после фильтрации): []
[DEBUG] effect_priority_zone: {'1': ['draw', 'heal', 'poison', 'bleed', 'trash', 'priestess', 'gear', 'spy', 'stun', 'blessing', 'damage'], '2': ['draw', 'heal', 'poison', 'bleed', 'trash', 'priestess', 'gear', 'spy', 'stun', 'blessing', 'damage'], '3': ['draw', 'heal', 'poison', 'bleed', 'trash', 'priestess', 'gear', 'spy', 'stun', 'blessing', 'damage']}
[92m
=== Ход 12 (P1) ===[0m
[92m[DEBUG] P1 старт хода: hand=['Prayer', 'Prayer', 'Omnipresent Step Boots', 'Priestess', 'Strike'], deck=['Deceit', 'Prayer', 'Leather Armor', 'Crown of Madness', 'Battle Rhythm', 'Runeward Circlet', 'Prayer', 'Heal Bash', 'Strike', 'Infection', 'Priestess'], discard=['Prayer', 'Battle Rhythm', 'Prayer', 'Strike', 'Quick Response', 'Vampire’s Blessing Ring'][0m
[92m[PLAYER] P1 (начало): HP=38, Poison=4, Bleed=0[0m
[92mHand(5): ['Prayer', 'Prayer', 'Omnipresent Step Boots', 'Priestess', 'Strike'][0m
[92mDeck(11): ['Deceit', 'Prayer', 'Leather Armor', 'Crown of Madness', 'Battle Rhythm', 'Runeward Circlet', 'Prayer', 'Heal Bash', 'Strike', 'Infection', 'Priestess'][0m
[92mDiscard(6): ['Prayer', 'Battle Rhythm', 'Prayer', 'Strike', 'Quick Response', 'Vampire’s Blessing Ring'][0m
[92mTrash(2): ['Prayer', 'Priestess'][0m
[92mHP: 38[0m
[92mPoison: 4[0m
[92mBleed: 0[0m
[92m         Hand(5): ['Prayer', 'Prayer', 'Omnipresent Step Boots', 'Priestess', 'Strike'][0m
[92m         Deck(11): ['Deceit', 'Prayer', 'Leather Armor', 'Crown of Madness', 'Battle Rhythm', 'Runeward Circlet', 'Prayer', 'Heal Bash', 'Strike', 'Infection', 'Priestess'][0m
[92m         Discard(6): ['Prayer', 'Battle Rhythm', 'Prayer', 'Strike', 'Quick Response', 'Vampire’s Blessing Ring'][0m
[92m         Gear(0): [][0m
[92m         Trash(2): ['Prayer', 'Priestess'][0m
[92m[DEBUG] Разыгрывается Prayer: effect1='{Blessing 1}' -> [('blessing', '1')][0m
[92m[DEBUG] Разыгрывается Prayer: effect2='None' -> [][0m
[92m[DEBUG] Разыгрывается карта Prayer, эффекты к применению: [('blessing', '1')][0m
[92m[DEBUG] Разыгрывается Prayer: effect1='{Blessing 1}' -> [('blessing', '1')][0m
[92m[DEBUG] Разыгрывается Prayer: effect2='None' -> [][0m
[92m[DEBUG] Разыгрывается карта Prayer, эффекты к применению: [('blessing', '1')][0m
[92m[DEBUG] Разыгрывается Omnipresent Step Boots: effect1='{Draw 2}{Discard 1}' -> [('draw', '2'), ('discard', '1')][0m
[92m[DEBUG] Разыгрывается Omnipresent Step Boots: effect2='{Trash_this}TO{Ready 1}' -> [[('trash_this', None)], [('ready', '1')]][0m
[92m[DEBUG] Разыгрывается Omnipresent Step Boots: effect1text='{Def_Y_Text 4}' -> [('def_y_text', '4')][0m
[92m[DEBUG] Разыгрывается Omnipresent Step Boots: effect2text='None' -> [][0m
[92m[DEBUG] Разыгрывается карта Omnipresent Step Boots, эффекты к применению: [('draw', '2'), ('discard', '1'), [('trash_this', None)], [('ready', '1')], ('def_y_text', '4')][0m
[92m[DEBUG] Разыгрывается Priestess: effect1='{Blessing 2}' -> [('blessing', '2')][0m
[92m[DEBUG] Разыгрывается Priestess: effect2='{Trash_this}TO{Damage 2}{Discard Monster}' -> [[('trash_this', None)], [('damage', '2'), ('discard', 'Monster')]][0m
[92m[DEBUG] Разыгрывается карта Priestess, эффекты к применению: [('blessing', '2'), [('trash_this', None)], [('damage', '2'), ('discard', 'Monster')]][0m
[92m[DEBUG] Разыгрывается Strike: effect1='{Damage 1}' -> [('damage', '1')][0m
[92m[DEBUG] Разыгрывается Strike: effect2='None' -> [][0m
[92m[DEBUG] Разыгрывается карта Strike, эффекты к применению: [('damage', '1')][0m
[93m  Blessing на ход: 4, потрачено: 0[0m
[93m  Доступные для покупки: ['Assault'][0m
[93m[DEBUG] market.trade_row после refill: ['Reaper’s Scythe(5)', 'Gloves of Illusion(5)', 'Divine Blade(6)', 'Fortress Shield(5)', 'Assault(2)'][0m
[DEBUG-PRIO] zone_key: 3, effect_priority dict keys: ['1', '2', '3']
[DEBUG-PRIO] effect_priority_zone: ['gear', 'bleed', 'draw', 'heal', 'damage', 'trash', 'priestess', 'spy', 'stun', 'poison', 'blessing']
[DEBUG-PRIO] effect_priority_main: ['gear', 'bleed', 'draw', 'heal', 'damage', 'trash']
[DEBUG] [0] Reaper’s Scythe: эффекты=['r_chain', 'damage', 'def_n_text'], ищем в=['gear', 'bleed', 'draw', 'heal', 'damage', 'trash'], подходит=True
[DEBUG] [1] Gloves of Illusion: эффекты=['b_chain', 'spy', 'def_n_text'], ищем в=['gear', 'bleed', 'draw', 'heal', 'damage', 'trash'], подходит=False
[DEBUG] [2] Divine Blade: эффекты=['damage', 'draw', 'def_n_text'], ищем в=['gear', 'bleed', 'draw', 'heal', 'damage', 'trash'], подходит=True
[DEBUG] [3] Fortress Shield: эффекты=['w_chain', 'draw', 'def_y_text'], ищем в=['gear', 'bleed', 'draw', 'heal', 'damage', 'trash'], подходит=True
[DEBUG] [4] Assault: эффекты=['blessing', 'damage'], ищем в=['gear', 'bleed', 'draw', 'heal', 'damage', 'trash'], подходит=True
[DEBUG-CHECK] Assault: эффекты=['blessing', 'damage', 'r_chain', 'discard'], ищем в=['gear', 'bleed', 'draw', 'heal', 'damage', 'trash'], результат=True
[DEBUG-CHECK-RAW] Assault: raw_eff=('blessing', '2')
[DEBUG-CHECK-RAW] Assault: raw_eff=('damage', '3')
[DEBUG-CHECK-RAW] Assault: raw_eff=[('r_chain', None), ('discard', 'Monster')]
[DEBUG-CHECK-RAW] Assault: raw_eff=[]
[DEBUG] filtered (после фильтрации): ['Assault']
[DEBUG] effect_priority_zone: {'1': ['bleed', 'draw', 'trash', 'gear', 'blessing', 'priestess', 'heal', 'poison', 'spy', 'stun', 'damage'], '2': ['bleed', 'gear', 'draw', 'damage', 'trash', 'priestess', 'spy', 'heal', 'poison', 'stun', 'blessing'], '3': ['gear', 'bleed', 'draw', 'heal', 'damage', 'trash', 'priestess', 'spy', 'stun', 'poison', 'blessing']}
[93m  Куплена карта: Assault[0m
[93m  Blessing на ход: 4, потрачено: 2[0m
[93m  Доступные для покупки: ['Spores'][0m
[93m[DEBUG] market.trade_row после refill: ['Reaper’s Scythe(5)', 'Gloves of Illusion(5)', 'Divine Blade(6)', 'Fortress Shield(5)', 'Spores(2)'][0m
[DEBUG-PRIO] zone_key: 3, effect_priority dict keys: ['1', '2', '3']
[DEBUG-PRIO] effect_priority_zone: ['gear', 'bleed', 'draw', 'heal', 'damage', 'trash', 'priestess', 'spy', 'stun', 'poison', 'blessing']
[DEBUG-PRIO] effect_priority_main: ['gear', 'bleed', 'draw', 'heal', 'damage', 'trash']
[DEBUG] [0] Reaper’s Scythe: эффекты=['r_chain', 'damage', 'def_n_text'], ищем в=['gear', 'bleed', 'draw', 'heal', 'damage', 'trash'], подходит=True
[DEBUG] [1] Gloves of Illusion: эффекты=['b_chain', 'spy', 'def_n_text'], ищем в=['gear', 'bleed', 'draw', 'heal', 'damage', 'trash'], подходит=False
[DEBUG] [2] Divine Blade: эффекты=['damage', 'draw', 'def_n_text'], ищем в=['gear', 'bleed', 'draw', 'heal', 'damage', 'trash'], подходит=True
[DEBUG] [3] Fortress Shield: эффекты=['w_chain', 'draw', 'def_y_text'], ищем в=['gear', 'bleed', 'draw', 'heal', 'damage', 'trash'], подходит=True
[DEBUG] [4] Spores: эффекты=['blessing', 'trash', 'g_chain', 'damage', 'draw'], ищем в=['gear', 'bleed', 'draw', 'heal', 'damage', 'trash'], подходит=True
[DEBUG-CHECK] Spores: эффекты=['blessing', 'trash', 'g_chain', 'damage', 'draw'], ищем в=['gear', 'bleed', 'draw', 'heal', 'damage', 'trash'], результат=True
[DEBUG-CHECK-RAW] Spores: raw_eff=('blessing', '2')
[DEBUG-CHECK-RAW] Spores: raw_eff=('trash', '1')
[DEBUG-CHECK-RAW] Spores: raw_eff=('g_chain', None)
[DEBUG-CHECK-RAW] Spores: raw_eff=('damage', '2')
[DEBUG-CHECK-RAW] Spores: raw_eff=('draw', '1')
[DEBUG] filtered (после фильтрации): ['Spores']
[DEBUG] effect_priority_zone: {'1': ['bleed', 'draw', 'trash', 'gear', 'blessing', 'priestess', 'heal', 'poison', 'spy', 'stun', 'damage'], '2': ['bleed', 'gear', 'draw', 'damage', 'trash', 'priestess', 'spy', 'heal', 'poison', 'stun', 'blessing'], '3': ['gear', 'bleed', 'draw', 'heal', 'damage', 'trash', 'priestess', 'spy', 'stun', 'poison', 'blessing']}
[93m  Куплена карта: Spores[0m
[93m  Blessing на ход: 4, потрачено: 4[0m
[93m  Доступные для покупки: [][0m
[93m[DEBUG] market.trade_row после refill: ['Reaper’s Scythe(5)', 'Gloves of Illusion(5)', 'Divine Blade(6)', 'Fortress Shield(5)', 'Open Wound(6)'][0m
[DEBUG-PRIO] zone_key: 3, effect_priority dict keys: ['1', '2', '3']
[DEBUG-PRIO] effect_priority_zone: ['gear', 'bleed', 'draw', 'heal', 'damage', 'trash', 'priestess', 'spy', 'stun', 'poison', 'blessing']
[DEBUG-PRIO] effect_priority_main: ['gear', 'bleed', 'draw', 'heal', 'damage', 'trash']
[DEBUG] [0] Reaper’s Scythe: эффекты=['r_chain', 'damage', 'def_n_text'], ищем в=['gear', 'bleed', 'draw', 'heal', 'damage', 'trash'], подходит=True
[DEBUG] [1] Gloves of Illusion: эффекты=['b_chain', 'spy', 'def_n_text'], ищем в=['gear', 'bleed', 'draw', 'heal', 'damage', 'trash'], подходит=False
[DEBUG] [2] Divine Blade: эффекты=['damage', 'draw', 'def_n_text'], ищем в=['gear', 'bleed', 'draw', 'heal', 'damage', 'trash'], подходит=True
[DEBUG] [3] Fortress Shield: эффекты=['w_chain', 'draw', 'def_y_text'], ищем в=['gear', 'bleed', 'draw', 'heal', 'damage', 'trash'], подходит=True
[DEBUG] [4] Open Wound: эффекты=['blessing', 'bleed', 'draw'], ищем в=['gear', 'bleed', 'draw', 'heal', 'damage', 'trash'], подходит=True
[DEBUG] filtered (после фильтрации): []
[DEBUG] effect_priority_zone: {'1': ['bleed', 'draw', 'trash', 'gear', 'blessing', 'priestess', 'heal', 'poison', 'spy', 'stun', 'damage'], '2': ['bleed', 'gear', 'draw', 'damage', 'trash', 'priestess', 'spy', 'heal', 'poison', 'stun', 'blessing'], '3': ['gear', 'bleed', 'draw', 'heal', 'damage', 'trash', 'priestess', 'spy', 'stun', 'poison', 'blessing']}
[94m
=== Ход 12 (P2) ===[0m
[94m[DEBUG] P2 старт хода: hand=['Stuning Light', 'Insight', 'Toxin', 'Prayer', 'Festering Wound'], deck=['Infection', 'Strike', 'Roll'], discard=['Prayer', 'Dash', 'Prayer', 'Strike', 'Readiness', 'Resilience', 'Prayer', 'Priestess'][0m
[94m[PLAYER] P2 (начало): HP=9, Poison=0, Bleed=0[0m
[94mHand(5): ['Stuning Light', 'Insight', 'Toxin', 'Prayer', 'Festering Wound'][0m
[94mDeck(3): ['Infection', 'Strike', 'Roll'][0m
[94mDiscard(8): ['Prayer', 'Dash', 'Prayer', 'Strike', 'Readiness', 'Resilience', 'Prayer', 'Priestess'][0m
[94mTrash(9): ['Prayer', 'Priestess', 'Priestess', 'Priestess', 'Priestess', 'Prayer', 'Strike', 'Prayer', 'Priestess'][0m
[94mHP: 9[0m
[94mPoison: 0[0m
[94mBleed: 0[0m
[94m         Hand(5): ['Stuning Light', 'Insight', 'Toxin', 'Prayer', 'Festering Wound'][0m
[94m         Deck(3): ['Infection', 'Strike', 'Roll'][0m
[94m         Discard(8): ['Prayer', 'Dash', 'Prayer', 'Strike', 'Readiness', 'Resilience', 'Prayer', 'Priestess'][0m
[94m         Gear(0): [][0m
[94m         Trash(9): ['Prayer', 'Priestess', 'Priestess', 'Priestess', 'Priestess', 'Prayer', 'Strike', 'Prayer', 'Priestess'][0m
[94m[DEBUG] Разыгрывается Stuning Light: effect1='{Damage 7}{Stun 1}{Draw 1}' -> [('damage', '7'), ('stun', '1'), ('draw', '1')][0m
[94m[DEBUG] Разыгрывается Stuning Light: effect2='None' -> [][0m
[94m[DEBUG] Разыгрывается Stuning Light: effect1text='None' -> [][0m
[94m[DEBUG] Разыгрывается Stuning Light: effect2text='{B_chain}{Stun 1}{Destroy}' -> [('b_chain', None), ('stun', '1'), ('destroy', None)][0m
[94m[DEBUG] Разыгрывается карта Stuning Light, эффекты к применению: [('damage', '7'), ('stun', '1'), ('draw', '1'), ('b_chain', None), ('stun', '1'), ('destroy', None)][0m
[94m[DEBUG] Разыгрывается Insight: effect1='{Damage 3}{Stun 1}' -> [('damage', '3'), ('stun', '1')][0m
[94m[DEBUG] Разыгрывается Insight: effect2='{B_chain}{Spy 3}{Draw 1}' -> [('b_chain', None), ('spy', '3'), ('draw', '1')][0m
[94m[DEBUG] Разыгрывается Insight: effect1text='None' -> [][0m
[94m[DEBUG] Разыгрывается Insight: effect2text='None' -> [][0m
[94m[DEBUG] Разыгрывается карта Insight, эффекты к применению: [('damage', '3'), ('stun', '1'), ('b_chain', None), ('spy', '3'), ('draw', '1')][0m
[94m[DEBUG] Разыгрывается Toxin: effect1='{Blessing 2}{Poison 1}{Trash 1}' -> [('blessing', '2'), ('poison', '1'), ('trash', '1')][0m
[94m[DEBUG] Разыгрывается Toxin: effect2='None' -> [][0m
[94m[DEBUG] Разыгрывается Toxin: effect1text='None' -> [][0m
[94m[DEBUG] Разыгрывается Toxin: effect2text='{Discard X}TO{Poison X}' -> [[('discard', 0)], [('poison', 0)]][0m
[94m[DEBUG] Разыгрывается карта Toxin, эффекты к применению: [('blessing', '2'), ('poison', '1'), ('trash', '1'), [('discard', 0)], [('poison', 0)]][0m
[94m[DEBUG] Разыгрывается Prayer: effect1='{Blessing 1}' -> [('blessing', '1')][0m
[94m[DEBUG] Разыгрывается Prayer: effect2='None' -> [][0m
[94m[DEBUG] Разыгрывается карта Prayer, эффекты к применению: [('blessing', '1')][0m
[94m[DEBUG] Разыгрывается Festering Wound: effect1='{Trash 1}{Poison 1}{Draw 1}' -> [('trash', '1'), ('poison', '1'), ('draw', '1')][0m
[94m[DEBUG] Разыгрывается Festering Wound: effect2='None' -> [][0m
[94m[DEBUG] Разыгрывается Festering Wound: effect1text='None' -> [][0m
[94m[DEBUG] Разыгрывается Festering Wound: effect2text='{G_chain}{Remove_poison X}TO{Damage X}' -> [[('g_chain', None), ('remove_poison', 0)], [('damage', 0)]][0m
[94m[DEBUG] Разыгрывается карта Festering Wound, эффекты к применению: [('trash', '1'), ('poison', '1'), ('draw', '1'), [('g_chain', None), ('remove_poison', 0)], [('damage', 0)]][0m
[94m[DEBUG] Разыгрывается Roll: effect1='{Blessing 2}{Heal 3}' -> [('blessing', '2'), ('heal', '3')][0m
[94m[DEBUG] Разыгрывается Roll: effect2='{W_chain}{Draw 1}' -> [('w_chain', None), ('draw', '1')][0m
[94m[DEBUG] Разыгрывается Roll: effect1text='None' -> [][0m
[94m[DEBUG] Разыгрывается Roll: effect2text='None' -> [][0m
[94m[DEBUG] Разыгрывается карта Roll, эффекты к применению: [('blessing', '2'), ('heal', '3'), ('w_chain', None), ('draw', '1')][0m
[94m[DEBUG] Разыгрывается Strike: effect1='{Damage 1}' -> [('damage', '1')][0m
[94m[DEBUG] Разыгрывается Strike: effect2='None' -> [][0m
[94m[DEBUG] Разыгрывается карта Strike, эффекты к применению: [('damage', '1')][0m
[94m[DEBUG] Разыгрывается Infection: effect1='{Damage 2}{Trash 1}' -> [('damage', '2'), ('trash', '1')][0m
[94m[DEBUG] Разыгрывается Infection: effect2='{G_chain}{Poison 2}{Blessing 2}' -> [('g_chain', None), ('poison', '2'), ('blessing', '2')][0m
[94m[DEBUG] Разыгрывается Infection: effect1text='None' -> [][0m
[94m[DEBUG] Разыгрывается Infection: effect2text='None' -> [][0m
[94m[DEBUG] Разыгрывается карта Infection, эффекты к применению: [('damage', '2'), ('trash', '1'), ('g_chain', None), ('poison', '2'), ('blessing', '2')][0m
[94m[DEBUG] Разыгрывается Prayer: effect1='{Blessing 1}' -> [('blessing', '1')][0m
[94m[DEBUG] Разыгрывается Prayer: effect2='None' -> [][0m
[94m[DEBUG] Разыгрывается карта Prayer, эффекты к применению: [('blessing', '1')][0m
[93m  Blessing на ход: 3, потрачено: 0[0m
[93m  Доступные для покупки: [][0m
[93m[DEBUG] market.trade_row после refill: ['Reaper’s Scythe(5)', 'Gloves of Illusion(5)', 'Divine Blade(6)', 'Fortress Shield(5)', 'Open Wound(6)'][0m
[DEBUG-PRIO] zone_key: 3, effect_priority dict keys: ['1', '2', '3']
[DEBUG-PRIO] effect_priority_zone: ['draw', 'heal', 'poison', 'bleed', 'trash', 'priestess', 'gear', 'spy', 'stun', 'blessing', 'damage']
[DEBUG-PRIO] effect_priority_main: ['draw', 'heal', 'poison', 'bleed', 'trash']
[DEBUG] [0] Reaper’s Scythe: эффекты=['r_chain', 'damage', 'def_n_text'], ищем в=['draw', 'heal', 'poison', 'bleed', 'trash'], подходит=False
[DEBUG] [1] Gloves of Illusion: эффекты=['b_chain', 'spy', 'def_n_text'], ищем в=['draw', 'heal', 'poison', 'bleed', 'trash'], подходит=False
[DEBUG] [2] Divine Blade: эффекты=['damage', 'draw', 'def_n_text'], ищем в=['draw', 'heal', 'poison', 'bleed', 'trash'], подходит=True
[DEBUG] [3] Fortress Shield: эффекты=['w_chain', 'draw', 'def_y_text'], ищем в=['draw', 'heal', 'poison', 'bleed', 'trash'], подходит=True
[DEBUG] [4] Open Wound: эффекты=['blessing', 'bleed', 'draw'], ищем в=['draw', 'heal', 'poison', 'bleed', 'trash'], подходит=True
[DEBUG] filtered (после фильтрации): []
[DEBUG] effect_priority_zone: {'1': ['draw', 'heal', 'poison', 'bleed', 'trash', 'priestess', 'gear', 'spy', 'stun', 'blessing', 'damage'], '2': ['draw', 'heal', 'poison', 'bleed', 'trash', 'priestess', 'gear', 'spy', 'stun', 'blessing', 'damage'], '3': ['draw', 'heal', 'poison', 'bleed', 'trash', 'priestess', 'gear', 'spy', 'stun', 'blessing', 'damage']}
[93m  Куплена карта: Priestess[0m
[93m  Blessing на ход: 3, потрачено: 2[0m
[93m  Доступные для покупки: [][0m
[93m[DEBUG] market.trade_row после refill: ['Reaper’s Scythe(5)', 'Gloves of Illusion(5)', 'Divine Blade(6)', 'Fortress Shield(5)', 'Open Wound(6)'][0m
[DEBUG-PRIO] zone_key: 3, effect_priority dict keys: ['1', '2', '3']
[DEBUG-PRIO] effect_priority_zone: ['draw', 'heal', 'poison', 'bleed', 'trash', 'priestess', 'gear', 'spy', 'stun', 'blessing', 'damage']
[DEBUG-PRIO] effect_priority_main: ['draw', 'heal', 'poison', 'bleed', 'trash']
[DEBUG] [0] Reaper’s Scythe: эффекты=['r_chain', 'damage', 'def_n_text'], ищем в=['draw', 'heal', 'poison', 'bleed', 'trash'], подходит=False
[DEBUG] [1] Gloves of Illusion: эффекты=['b_chain', 'spy', 'def_n_text'], ищем в=['draw', 'heal', 'poison', 'bleed', 'trash'], подходит=False
[DEBUG] [2] Divine Blade: эффекты=['damage', 'draw', 'def_n_text'], ищем в=['draw', 'heal', 'poison', 'bleed', 'trash'], подходит=True
[DEBUG] [3] Fortress Shield: эффекты=['w_chain', 'draw', 'def_y_text'], ищем в=['draw', 'heal', 'poison', 'bleed', 'trash'], подходит=True
[DEBUG] [4] Open Wound: эффекты=['blessing', 'bleed', 'draw'], ищем в=['draw', 'heal', 'poison', 'bleed', 'trash'], подходит=True
[DEBUG] filtered (после фильтрации): []
[DEBUG] effect_priority_zone: {'1': ['draw', 'heal', 'poison', 'bleed', 'trash', 'priestess', 'gear', 'spy', 'stun', 'blessing', 'damage'], '2': ['draw', 'heal', 'poison', 'bleed', 'trash', 'priestess', 'gear', 'spy', 'stun', 'blessing', 'damage'], '3': ['draw', 'heal', 'poison', 'bleed', 'trash', 'priestess', 'gear', 'spy', 'stun', 'blessing', 'damage']}
[92m
=== Ход 13 (P1) ===[0m
[92m[DEBUG] P1 старт хода: hand=['Heal Bash', 'Runeward Circlet', 'Battle Rhythm'], deck=['Deceit', 'Prayer'], discard=['Prayer', 'Battle Rhythm', 'Prayer', 'Strike', 'Quick Response', 'Vampire’s Blessing Ring', 'Prayer', 'Prayer', 'Strike', 'Assault', 'Spores', 'Priestess', 'Infection', 'Omnipresent Step Boots', 'Strike', 'Prayer', 'Crown of Madness', 'Leather Armor'][0m
[92m[PLAYER] P1 (начало): HP=29, Poison=8, Bleed=0[0m
[92mHand(3): ['Heal Bash', 'Runeward Circlet', 'Battle Rhythm'][0m
[92mDeck(2): ['Deceit', 'Prayer'][0m
[92mDiscard(18): ['Prayer', 'Battle Rhythm', 'Prayer', 'Strike', 'Quick Response', 'Vampire’s Blessing Ring', 'Prayer', 'Prayer', 'Strike', 'Assault', 'Spores', 'Priestess', 'Infection', 'Omnipresent Step Boots', 'Strike', 'Prayer', 'Crown of Madness', 'Leather Armor'][0m
[92mTrash(3): ['Prayer', 'Priestess', 'Priestess'][0m
[92mHP: 29[0m
[92mPoison: 8[0m
[92mBleed: 0[0m
[92m         Hand(3): ['Heal Bash', 'Runeward Circlet', 'Battle Rhythm'][0m
[92m         Deck(2): ['Deceit', 'Prayer'][0m
[92m         Discard(18): ['Prayer', 'Battle Rhythm', 'Prayer', 'Strike', 'Quick Response', 'Vampire’s Blessing Ring', 'Prayer', 'Prayer', 'Strike', 'Assault', 'Spores', 'Priestess', 'Infection', 'Omnipresent Step Boots', 'Strike', 'Prayer', 'Crown of Madness', 'Leather Armor'][0m
[92m         Gear(0): [][0m
[92m         Trash(3): ['Prayer', 'Priestess', 'Priestess'][0m
[92m[DEBUG] Разыгрывается Heal Bash: effect1='{Heal 3}{Blessing 2}' -> [('heal', '3'), ('blessing', '2')][0m
[92m[DEBUG] Разыгрывается Heal Bash: effect2='{W_chain}{Damage 4}' -> [('w_chain', None), ('damage', '4')][0m
[92m[DEBUG] Разыгрывается Heal Bash: effect1text='None' -> [][0m
[92m[DEBUG] Разыгрывается Heal Bash: effect2text='None' -> [][0m
[92m[DEBUG] Разыгрывается карта Heal Bash, эффекты к применению: [('heal', '3'), ('blessing', '2'), ('w_chain', None), ('damage', '4')][0m
[92m[DEBUG] Разыгрывается Runeward Circlet: effect1='{Blessing 2} or {Draw 1}' -> [('blessing', '2'), ('draw', '1')][0m
[92m[DEBUG] Разыгрывается Runeward Circlet: effect2='{G_chain}{Trash 1}' -> [('g_chain', None), ('trash', '1')][0m
[92m[DEBUG] Разыгрывается Runeward Circlet: effect1text='{Def_Y_Text 4}' -> [('def_y_text', '4')][0m
[92m[DEBUG] Разыгрывается Runeward Circlet: effect2text='None' -> [][0m
[92m[DEBUG] Разыгрывается карта Runeward Circlet, эффекты к применению: [('blessing', '2'), ('draw', '1'), ('g_chain', None), ('trash', '1'), ('def_y_text', '4')][0m
[92m[DEBUG] Разыгрывается Battle Rhythm: effect1='{Stun 1}{Damage 2}' -> [('stun', '1'), ('damage', '2')][0m
[92m[DEBUG] Разыгрывается Battle Rhythm: effect2='This turn your cards have Chain with the cards in the Trade Row' -> [][0m
[92m[DEBUG] Разыгрывается Battle Rhythm: effect1text='None' -> [][0m
[92m[DEBUG] Разыгрывается Battle Rhythm: effect2text='None' -> [][0m
[92m[DEBUG] Разыгрывается карта Battle Rhythm, эффекты к применению: [('stun', '1'), ('damage', '2')][0m
[93m  Blessing на ход: 4, потрачено: 0[0m
[93m  Доступные для покупки: [][0m
[93m[DEBUG] market.trade_row после refill: ['Reaper’s Scythe(5)', 'Gloves of Illusion(5)', 'Divine Blade(6)', 'Fortress Shield(5)', 'Open Wound(6)'][0m
[DEBUG-PRIO] zone_key: 3, effect_priority dict keys: ['1', '2', '3']
[DEBUG-PRIO] effect_priority_zone: ['gear', 'bleed', 'draw', 'heal', 'damage', 'trash', 'priestess', 'spy', 'stun', 'poison', 'blessing']
[DEBUG-PRIO] effect_priority_main: ['gear', 'bleed', 'draw', 'heal', 'damage', 'trash']
[DEBUG] [0] Reaper’s Scythe: эффекты=['r_chain', 'damage', 'def_n_text'], ищем в=['gear', 'bleed', 'draw', 'heal', 'damage', 'trash'], подходит=True
[DEBUG] [1] Gloves of Illusion: эффекты=['b_chain', 'spy', 'def_n_text'], ищем в=['gear', 'bleed', 'draw', 'heal', 'damage', 'trash'], подходит=False
[DEBUG] [2] Divine Blade: эффекты=['damage', 'draw', 'def_n_text'], ищем в=['gear', 'bleed', 'draw', 'heal', 'damage', 'trash'], подходит=True
[DEBUG] [3] Fortress Shield: эффекты=['w_chain', 'draw', 'def_y_text'], ищем в=['gear', 'bleed', 'draw', 'heal', 'damage', 'trash'], подходит=True
[DEBUG] [4] Open Wound: эффекты=['blessing', 'bleed', 'draw'], ищем в=['gear', 'bleed', 'draw', 'heal', 'damage', 'trash'], подходит=True
[DEBUG] filtered (после фильтрации): []
[DEBUG] effect_priority_zone: {'1': ['bleed', 'draw', 'trash', 'gear', 'blessing', 'priestess', 'heal', 'poison', 'spy', 'stun', 'damage'], '2': ['bleed', 'gear', 'draw', 'damage', 'trash', 'priestess', 'spy', 'heal', 'poison', 'stun', 'blessing'], '3': ['gear', 'bleed', 'draw', 'heal', 'damage', 'trash', 'priestess', 'spy', 'stun', 'poison', 'blessing']}
[93m  Куплена карта: Priestess[0m
[93m  Blessing на ход: 4, потрачено: 2[0m
[93m  Доступные для покупки: [][0m
[93m[DEBUG] market.trade_row после refill: ['Reaper’s Scythe(5)', 'Gloves of Illusion(5)', 'Divine Blade(6)', 'Fortress Shield(5)', 'Open Wound(6)'][0m
[DEBUG-PRIO] zone_key: 3, effect_priority dict keys: ['1', '2', '3']
[DEBUG-PRIO] effect_priority_zone: ['gear', 'bleed', 'draw', 'heal', 'damage', 'trash', 'priestess', 'spy', 'stun', 'poison', 'blessing']
[DEBUG-PRIO] effect_priority_main: ['gear', 'bleed', 'draw', 'heal', 'damage', 'trash']
[DEBUG] [0] Reaper’s Scythe: эффекты=['r_chain', 'damage', 'def_n_text'], ищем в=['gear', 'bleed', 'draw', 'heal', 'damage', 'trash'], подходит=True
[DEBUG] [1] Gloves of Illusion: эффекты=['b_chain', 'spy', 'def_n_text'], ищем в=['gear', 'bleed', 'draw', 'heal', 'damage', 'trash'], подходит=False
[DEBUG] [2] Divine Blade: эффекты=['damage', 'draw', 'def_n_text'], ищем в=['gear', 'bleed', 'draw', 'heal', 'damage', 'trash'], подходит=True
[DEBUG] [3] Fortress Shield: эффекты=['w_chain', 'draw', 'def_y_text'], ищем в=['gear', 'bleed', 'draw', 'heal', 'damage', 'trash'], подходит=True
[DEBUG] [4] Open Wound: эффекты=['blessing', 'bleed', 'draw'], ищем в=['gear', 'bleed', 'draw', 'heal', 'damage', 'trash'], подходит=True
[DEBUG] filtered (после фильтрации): []
[DEBUG] effect_priority_zone: {'1': ['bleed', 'draw', 'trash', 'gear', 'blessing', 'priestess', 'heal', 'poison', 'spy', 'stun', 'damage'], '2': ['bleed', 'gear', 'draw', 'damage', 'trash', 'priestess', 'spy', 'heal', 'poison', 'stun', 'blessing'], '3': ['gear', 'bleed', 'draw', 'heal', 'damage', 'trash', 'priestess', 'spy', 'stun', 'poison', 'blessing']}
[93m  Куплена карта: Priestess[0m
[93m  Blessing на ход: 4, потрачено: 4[0m
[93m  Доступные для покупки: [][0m
[93m[DEBUG] market.trade_row после refill: ['Reaper’s Scythe(5)', 'Gloves of Illusion(5)', 'Divine Blade(6)', 'Fortress Shield(5)', 'Open Wound(6)'][0m
[DEBUG-PRIO] zone_key: 3, effect_priority dict keys: ['1', '2', '3']
[DEBUG-PRIO] effect_priority_zone: ['gear', 'bleed', 'draw', 'heal', 'damage', 'trash', 'priestess', 'spy', 'stun', 'poison', 'blessing']
[DEBUG-PRIO] effect_priority_main: ['gear', 'bleed', 'draw', 'heal', 'damage', 'trash']
[DEBUG] [0] Reaper’s Scythe: эффекты=['r_chain', 'damage', 'def_n_text'], ищем в=['gear', 'bleed', 'draw', 'heal', 'damage', 'trash'], подходит=True
[DEBUG] [1] Gloves of Illusion: эффекты=['b_chain', 'spy', 'def_n_text'], ищем в=['gear', 'bleed', 'draw', 'heal', 'damage', 'trash'], подходит=False
[DEBUG] [2] Divine Blade: эффекты=['damage', 'draw', 'def_n_text'], ищем в=['gear', 'bleed', 'draw', 'heal', 'damage', 'trash'], подходит=True
[DEBUG] [3] Fortress Shield: эффекты=['w_chain', 'draw', 'def_y_text'], ищем в=['gear', 'bleed', 'draw', 'heal', 'damage', 'trash'], подходит=True
[DEBUG] [4] Open Wound: эффекты=['blessing', 'bleed', 'draw'], ищем в=['gear', 'bleed', 'draw', 'heal', 'damage', 'trash'], подходит=True
[DEBUG] filtered (после фильтрации): []
[DEBUG] effect_priority_zone: {'1': ['bleed', 'draw', 'trash', 'gear', 'blessing', 'priestess', 'heal', 'poison', 'spy', 'stun', 'damage'], '2': ['bleed', 'gear', 'draw', 'damage', 'trash', 'priestess', 'spy', 'heal', 'poison', 'stun', 'blessing'], '3': ['gear', 'bleed', 'draw', 'heal', 'damage', 'trash', 'priestess', 'spy', 'stun', 'poison', 'blessing']}
[94m
=== Ход 13 (P2) ===[0m
[94m[DEBUG] P2 старт хода: hand=['Insight', 'Toxin', 'Priestess', 'Stuning Light'], deck=['Strike', 'Resilience', 'Dash', 'Festering Wound', 'Readiness'], discard=['Roll', 'Infection', 'Prayer', 'Priestess', 'Prayer'][0m
[94m[PLAYER] P2 (начало): HP=6, Poison=0, Bleed=0[0m
[94mHand(4): ['Insight', 'Toxin', 'Priestess', 'Stuning Light'][0m
[94mDeck(5): ['Strike', 'Resilience', 'Dash', 'Festering Wound', 'Readiness'][0m
[94mDiscard(5): ['Roll', 'Infection', 'Prayer', 'Priestess', 'Prayer'][0m
[94mTrash(12): ['Prayer', 'Priestess', 'Priestess', 'Priestess', 'Priestess', 'Prayer', 'Strike', 'Prayer', 'Priestess', 'Prayer', 'Prayer', 'Strike'][0m
[94mHP: 6[0m
[94mPoison: 0[0m
[94mBleed: 0[0m
[94m         Hand(4): ['Insight', 'Toxin', 'Priestess', 'Stuning Light'][0m
[94m         Deck(5): ['Strike', 'Resilience', 'Dash', 'Festering Wound', 'Readiness'][0m
[94m         Discard(5): ['Roll', 'Infection', 'Prayer', 'Priestess', 'Prayer'][0m
[94m         Gear(0): [][0m
[94m         Trash(12): ['Prayer', 'Priestess', 'Priestess', 'Priestess', 'Priestess', 'Prayer', 'Strike', 'Prayer', 'Priestess', 'Prayer', 'Prayer', 'Strike'][0m
[94m[DEBUG] Разыгрывается Insight: effect1='{Damage 3}{Stun 1}' -> [('damage', '3'), ('stun', '1')][0m
[94m[DEBUG] Разыгрывается Insight: effect2='{B_chain}{Spy 3}{Draw 1}' -> [('b_chain', None), ('spy', '3'), ('draw', '1')][0m
[94m[DEBUG] Разыгрывается Insight: effect1text='None' -> [][0m
[94m[DEBUG] Разыгрывается Insight: effect2text='None' -> [][0m
[94m[DEBUG] Разыгрывается карта Insight, эффекты к применению: [('damage', '3'), ('stun', '1'), ('b_chain', None), ('spy', '3'), ('draw', '1')][0m
[94m[DEBUG] Разыгрывается Toxin: effect1='{Blessing 2}{Poison 1}{Trash 1}' -> [('blessing', '2'), ('poison', '1'), ('trash', '1')][0m
[94m[DEBUG] Разыгрывается Toxin: effect2='None' -> [][0m
[94m[DEBUG] Разыгрывается Toxin: effect1text='None' -> [][0m
[94m[DEBUG] Разыгрывается Toxin: effect2text='{Discard X}TO{Poison X}' -> [[('discard', 0)], [('poison', 0)]][0m
[94m[DEBUG] Разыгрывается карта Toxin, эффекты к применению: [('blessing', '2'), ('poison', '1'), ('trash', '1'), [('discard', 0)], [('poison', 0)]][0m
[94m[DEBUG] Разыгрывается Priestess: effect1='{Blessing 2}' -> [('blessing', '2')][0m
[94m[DEBUG] Разыгрывается Priestess: effect2='{Trash_this}TO{Damage 2}{Discard Monster}' -> [[('trash_this', None)], [('damage', '2'), ('discard', 'Monster')]][0m
[94m[DEBUG] Разыгрывается карта Priestess, эффекты к применению: [('blessing', '2'), [('trash_this', None)], [('damage', '2'), ('discard', 'Monster')]][0m
[94m[DEBUG] Разыгрывается Stuning Light: effect1='{Damage 7}{Stun 1}{Draw 1}' -> [('damage', '7'), ('stun', '1'), ('draw', '1')][0m
[94m[DEBUG] Разыгрывается Stuning Light: effect2='None' -> [][0m
[94m[DEBUG] Разыгрывается Stuning Light: effect1text='None' -> [][0m
[94m[DEBUG] Разыгрывается Stuning Light: effect2text='{B_chain}{Stun 1}{Destroy}' -> [('b_chain', None), ('stun', '1'), ('destroy', None)][0m
[94m[DEBUG] Разыгрывается карта Stuning Light, эффекты к применению: [('damage', '7'), ('stun', '1'), ('draw', '1'), ('b_chain', None), ('stun', '1'), ('destroy', None)][0m
[94m[DEBUG] Разыгрывается Readiness: effect1='{Heal 4}OR{Heal_bleed 2}or{Heal_poison 2}' -> [[('heal', '4')], [('heal_bleed', '2'), ('heal_poison', '2')]][0m
[94m[DEBUG] Разыгрывается Readiness: effect2='{W_chain}{Ready 1}' -> [('w_chain', None), ('ready', '1')][0m
[94m[DEBUG] Разыгрывается Readiness: effect1text='None' -> [][0m
[94m[DEBUG] Разыгрывается Readiness: effect2text='None' -> [][0m
[94m[DEBUG] Разыгрывается карта Readiness, эффекты к применению: [[('heal', '4')], [('heal_bleed', '2'), ('heal_poison', '2')], ('w_chain', None), ('ready', '1')][0m
[94m[DEBUG] Разыгрывается Festering Wound: effect1='{Trash 1}{Poison 1}{Draw 1}' -> [('trash', '1'), ('poison', '1'), ('draw', '1')][0m
[94m[DEBUG] Разыгрывается Festering Wound: effect2='None' -> [][0m
[94m[DEBUG] Разыгрывается Festering Wound: effect1text='None' -> [][0m
[94m[DEBUG] Разыгрывается Festering Wound: effect2text='{G_chain}{Remove_poison X}TO{Damage X}' -> [[('g_chain', None), ('remove_poison', 0)], [('damage', 0)]][0m
[94m[DEBUG] Разыгрывается карта Festering Wound, эффекты к применению: [('trash', '1'), ('poison', '1'), ('draw', '1'), [('g_chain', None), ('remove_poison', 0)], [('damage', 0)]][0m
[94m[DEBUG] Разыгрывается Dash: effect1='{Damage 3}{Heal X}' -> [('damage', '3'), ('heal', 0)][0m
[94m[DEBUG] Разыгрывается Dash: effect2='{W_chain}{Blessing 2}{Draw 1}' -> [('w_chain', None), ('blessing', '2'), ('draw', '1')][0m
[94m[DEBUG] Разыгрывается Dash: effect1text='X Blessing cost of your most expensive card in Play Area' -> [][0m
[94m[DEBUG] Разыгрывается Dash: effect2text='None' -> [][0m
[94m[DEBUG] Разыгрывается карта Dash, эффекты к применению: [('damage', '3'), ('heal', 0), ('w_chain', None), ('blessing', '2'), ('draw', '1')][0m
[94m[DEBUG] Разыгрывается Resilience: effect1='{Draw 1}{Blessing 3}' -> [('draw', '1'), ('blessing', '3')][0m
[94m[DEBUG] Разыгрывается Resilience: effect2='None' -> [][0m
[94m[DEBUG] Разыгрывается Resilience: effect1text='None' -> [][0m
[94m[DEBUG] Разыгрывается Resilience: effect2text='{If_discarded}{Heal 2}{Heal_bleed 2}{Heal_poison 2}' -> [('if_discarded', None), ('heal', '2'), ('heal_bleed', '2'), ('heal_poison', '2')][0m
[94m[DEBUG] Разыгрывается карта Resilience, эффекты к применению: [('draw', '1'), ('blessing', '3'), ('if_discarded', None), ('heal', '2'), ('heal_bleed', '2'), ('heal_poison', '2')][0m
[94m[DEBUG] Разыгрывается Strike: effect1='{Damage 1}' -> [('damage', '1')][0m
[94m[DEBUG] Разыгрывается Strike: effect2='None' -> [][0m
[94m[DEBUG] Разыгрывается карта Strike, эффекты к применению: [('damage', '1')][0m
[93m  Blessing на ход: 4, потрачено: 0[0m
[93m  Доступные для покупки: [][0m
[93m[DEBUG] market.trade_row после refill: ['Reaper’s Scythe(5)', 'Gloves of Illusion(5)', 'Divine Blade(6)', 'Fortress Shield(5)', 'Open Wound(6)'][0m
[DEBUG-PRIO] zone_key: 3, effect_priority dict keys: ['1', '2', '3']
[DEBUG-PRIO] effect_priority_zone: ['draw', 'heal', 'poison', 'bleed', 'trash', 'priestess', 'gear', 'spy', 'stun', 'blessing', 'damage']
[DEBUG-PRIO] effect_priority_main: ['draw', 'heal', 'poison', 'bleed', 'trash']
[DEBUG] [0] Reaper’s Scythe: эффекты=['r_chain', 'damage', 'def_n_text'], ищем в=['draw', 'heal', 'poison', 'bleed', 'trash'], подходит=False
[DEBUG] [1] Gloves of Illusion: эффекты=['b_chain', 'spy', 'def_n_text'], ищем в=['draw', 'heal', 'poison', 'bleed', 'trash'], подходит=False
[DEBUG] [2] Divine Blade: эффекты=['damage', 'draw', 'def_n_text'], ищем в=['draw', 'heal', 'poison', 'bleed', 'trash'], подходит=True
[DEBUG] [3] Fortress Shield: эффекты=['w_chain', 'draw', 'def_y_text'], ищем в=['draw', 'heal', 'poison', 'bleed', 'trash'], подходит=True
[DEBUG] [4] Open Wound: эффекты=['blessing', 'bleed', 'draw'], ищем в=['draw', 'heal', 'poison', 'bleed', 'trash'], подходит=True
[DEBUG] filtered (после фильтрации): []
[DEBUG] effect_priority_zone: {'1': ['draw', 'heal', 'poison', 'bleed', 'trash', 'priestess', 'gear', 'spy', 'stun', 'blessing', 'damage'], '2': ['draw', 'heal', 'poison', 'bleed', 'trash', 'priestess', 'gear', 'spy', 'stun', 'blessing', 'damage'], '3': ['draw', 'heal', 'poison', 'bleed', 'trash', 'priestess', 'gear', 'spy', 'stun', 'blessing', 'damage']}
[93m  Куплена карта: Priestess[0m
[93m  Blessing на ход: 4, потрачено: 2[0m
[93m  Доступные для покупки: [][0m
[93m[DEBUG] market.trade_row после refill: ['Reaper’s Scythe(5)', 'Gloves of Illusion(5)', 'Divine Blade(6)', 'Fortress Shield(5)', 'Open Wound(6)'][0m
[DEBUG-PRIO] zone_key: 3, effect_priority dict keys: ['1', '2', '3']
[DEBUG-PRIO] effect_priority_zone: ['draw', 'heal', 'poison', 'bleed', 'trash', 'priestess', 'gear', 'spy', 'stun', 'blessing', 'damage']
[DEBUG-PRIO] effect_priority_main: ['draw', 'heal', 'poison', 'bleed', 'trash']
[DEBUG] [0] Reaper’s Scythe: эффекты=['r_chain', 'damage', 'def_n_text'], ищем в=['draw', 'heal', 'poison', 'bleed', 'trash'], подходит=False
[DEBUG] [1] Gloves of Illusion: эффекты=['b_chain', 'spy', 'def_n_text'], ищем в=['draw', 'heal', 'poison', 'bleed', 'trash'], подходит=False
[DEBUG] [2] Divine Blade: эффекты=['damage', 'draw', 'def_n_text'], ищем в=['draw', 'heal', 'poison', 'bleed', 'trash'], подходит=True
[DEBUG] [3] Fortress Shield: эффекты=['w_chain', 'draw', 'def_y_text'], ищем в=['draw', 'heal', 'poison', 'bleed', 'trash'], подходит=True
[DEBUG] [4] Open Wound: эффекты=['blessing', 'bleed', 'draw'], ищем в=['draw', 'heal', 'poison', 'bleed', 'trash'], подходит=True
[DEBUG] filtered (после фильтрации): []
[DEBUG] effect_priority_zone: {'1': ['draw', 'heal', 'poison', 'bleed', 'trash', 'priestess', 'gear', 'spy', 'stun', 'blessing', 'damage'], '2': ['draw', 'heal', 'poison', 'bleed', 'trash', 'priestess', 'gear', 'spy', 'stun', 'blessing', 'damage'], '3': ['draw', 'heal', 'poison', 'bleed', 'trash', 'priestess', 'gear', 'spy', 'stun', 'blessing', 'damage']}
[93m  Куплена карта: Priestess[0m
[93m  Blessing на ход: 4, потрачено: 4[0m
[93m  Доступные для покупки: [][0m
[93m[DEBUG] market.trade_row после refill: ['Reaper’s Scythe(5)', 'Gloves of Illusion(5)', 'Divine Blade(6)', 'Fortress Shield(5)', 'Open Wound(6)'][0m
[DEBUG-PRIO] zone_key: 3, effect_priority dict keys: ['1', '2', '3']
[DEBUG-PRIO] effect_priority_zone: ['draw', 'heal', 'poison', 'bleed', 'trash', 'priestess', 'gear', 'spy', 'stun', 'blessing', 'damage']
[DEBUG-PRIO] effect_priority_main: ['draw', 'heal', 'poison', 'bleed', 'trash']
[DEBUG] [0] Reaper’s Scythe: эффекты=['r_chain', 'damage', 'def_n_text'], ищем в=['draw', 'heal', 'poison', 'bleed', 'trash'], подходит=False
[DEBUG] [1] Gloves of Illusion: эффекты=['b_chain', 'spy', 'def_n_text'], ищем в=['draw', 'heal', 'poison', 'bleed', 'trash'], подходит=False
[DEBUG] [2] Divine Blade: эффекты=['damage', 'draw', 'def_n_text'], ищем в=['draw', 'heal', 'poison', 'bleed', 'trash'], подходит=True
[DEBUG] [3] Fortress Shield: эффекты=['w_chain', 'draw', 'def_y_text'], ищем в=['draw', 'heal', 'poison', 'bleed', 'trash'], подходит=True
[DEBUG] [4] Open Wound: эффекты=['blessing', 'bleed', 'draw'], ищем в=['draw', 'heal', 'poison', 'bleed', 'trash'], подходит=True
[DEBUG] filtered (после фильтрации): []
[DEBUG] effect_priority_zone: {'1': ['draw', 'heal', 'poison', 'bleed', 'trash', 'priestess', 'gear', 'spy', 'stun', 'blessing', 'damage'], '2': ['draw', 'heal', 'poison', 'bleed', 'trash', 'priestess', 'gear', 'spy', 'stun', 'blessing', 'damage'], '3': ['draw', 'heal', 'poison', 'bleed', 'trash', 'priestess', 'gear', 'spy', 'stun', 'blessing', 'damage']}
[92m
=== Ход 14 (P1) ===[0m
[92m[DEBUG] P1 старт хода: hand=['Deceit', 'Quick Response', 'Infection'], deck=['Prayer', 'Spores', 'Battle Rhythm', 'Prayer', 'Prayer', 'Priestess', 'Omnipresent Step Boots', 'Crown of Madness', 'Priestess', 'Heal Bash', 'Battle Rhythm', 'Prayer', 'Strike', 'Leather Armor', 'Strike'], discard=['Strike', 'Vampire’s Blessing Ring', 'Assault', 'Priestess', 'Runeward Circlet', 'Prayer'][0m
[92m[PLAYER] P1 (начало): HP=22, Poison=10, Bleed=0[0m
[92mHand(3): ['Deceit', 'Quick Response', 'Infection'][0m
[92mDeck(15): ['Prayer', 'Spores', 'Battle Rhythm', 'Prayer', 'Prayer', 'Priestess', 'Omnipresent Step Boots', 'Crown of Madness', 'Priestess', 'Heal Bash', 'Battle Rhythm', 'Prayer', 'Strike', 'Leather Armor', 'Strike'][0m
[92mDiscard(6): ['Strike', 'Vampire’s Blessing Ring', 'Assault', 'Priestess', 'Runeward Circlet', 'Prayer'][0m
[92mTrash(4): ['Prayer', 'Priestess', 'Priestess', 'Prayer'][0m
[92mHP: 22[0m
[92mPoison: 10[0m
[92mBleed: 0[0m
[92m         Hand(3): ['Deceit', 'Quick Response', 'Infection'][0m
[92m         Deck(15): ['Prayer', 'Spores', 'Battle Rhythm', 'Prayer', 'Prayer', 'Priestess', 'Omnipresent Step Boots', 'Crown of Madness', 'Priestess', 'Heal Bash', 'Battle Rhythm', 'Prayer', 'Strike', 'Leather Armor', 'Strike'][0m
[92m         Discard(6): ['Strike', 'Vampire’s Blessing Ring', 'Assault', 'Priestess', 'Runeward Circlet', 'Prayer'][0m
[92m         Gear(0): [][0m
[92m         Trash(4): ['Prayer', 'Priestess', 'Priestess', 'Prayer'][0m
[92m[DEBUG] Разыгрывается Deceit: effect1='{Stun 1}{Draw 1}' -> [('stun', '1'), ('draw', '1')][0m
[92m[DEBUG] Разыгрывается Deceit: effect2='{B_chain}{Spy 2}TOCopy Main Abilities of one revealed card' -> [[('b_chain', None), ('spy', '2')], []][0m
[92m[DEBUG] Разыгрывается Deceit: effect1text='None' -> [][0m
[92m[DEBUG] Разыгрывается Deceit: effect2text='None' -> [][0m
[92m[DEBUG] Разыгрывается карта Deceit, эффекты к применению: [('stun', '1'), ('draw', '1'), [('b_chain', None), ('spy', '2')], []][0m
[92m[DEBUG] Разыгрывается Quick Response: effect1='{Heal_bleed 3}OR{Heal_poison 3}' -> [[('heal_bleed', '3')], [('heal_poison', '3')]][0m
[92m[DEBUG] Разыгрывается Quick Response: effect2='{W_chain}{Damage 5}' -> [('w_chain', None), ('damage', '5')][0m
[92m[DEBUG] Разыгрывается Quick Response: effect1text='{Blessing 2}' -> [('blessing', '2')][0m
[92m[DEBUG] Разыгрывается Quick Response: effect2text='None' -> [][0m
[92m[DEBUG] Разыгрывается карта Quick Response, эффекты к применению: [[('heal_bleed', '3')], [('heal_poison', '3')], ('w_chain', None), ('damage', '5'), ('blessing', '2')][0m
[92m[DEBUG] Разыгрывается Infection: effect1='{Damage 2}{Trash 1}' -> [('damage', '2'), ('trash', '1')][0m
[92m[DEBUG] Разыгрывается Infection: effect2='{G_chain}{Poison 2}{Blessing 2}' -> [('g_chain', None), ('poison', '2'), ('blessing', '2')][0m
[92m[DEBUG] Разыгрывается Infection: effect1text='None' -> [][0m
[92m[DEBUG] Разыгрывается Infection: effect2text='None' -> [][0m
[92m[DEBUG] Разыгрывается карта Infection, эффекты к применению: [('damage', '2'), ('trash', '1'), ('g_chain', None), ('poison', '2'), ('blessing', '2')][0m
[92m[DEBUG] Разыгрывается Strike: effect1='{Damage 1}' -> [('damage', '1')][0m
[92m[DEBUG] Разыгрывается Strike: effect2='None' -> [][0m
[92m[DEBUG] Разыгрывается карта Strike, эффекты к применению: [('damage', '1')][0m
[93m  Blessing на ход: 4, потрачено: 0[0m
[93m  Доступные для покупки: [][0m
[93m[DEBUG] market.trade_row после refill: ['Reaper’s Scythe(5)', 'Gloves of Illusion(5)', 'Divine Blade(6)', 'Fortress Shield(5)', 'Open Wound(6)'][0m
[DEBUG-PRIO] zone_key: 3, effect_priority dict keys: ['1', '2', '3']
[DEBUG-PRIO] effect_priority_zone: ['gear', 'bleed', 'draw', 'heal', 'damage', 'trash', 'priestess', 'spy', 'stun', 'poison', 'blessing']
[DEBUG-PRIO] effect_priority_main: ['gear', 'bleed', 'draw', 'heal', 'damage', 'trash']
[DEBUG] [0] Reaper’s Scythe: эффекты=['r_chain', 'damage', 'def_n_text'], ищем в=['gear', 'bleed', 'draw', 'heal', 'damage', 'trash'], подходит=True
[DEBUG] [1] Gloves of Illusion: эффекты=['b_chain', 'spy', 'def_n_text'], ищем в=['gear', 'bleed', 'draw', 'heal', 'damage', 'trash'], подходит=False
[DEBUG] [2] Divine Blade: эффекты=['damage', 'draw', 'def_n_text'], ищем в=['gear', 'bleed', 'draw', 'heal', 'damage', 'trash'], подходит=True
[DEBUG] [3] Fortress Shield: эффекты=['w_chain', 'draw', 'def_y_text'], ищем в=['gear', 'bleed', 'draw', 'heal', 'damage', 'trash'], подходит=True
[DEBUG] [4] Open Wound: эффекты=['blessing', 'bleed', 'draw'], ищем в=['gear', 'bleed', 'draw', 'heal', 'damage', 'trash'], подходит=True
[DEBUG] filtered (после фильтрации): []
[DEBUG] effect_priority_zone: {'1': ['bleed', 'draw', 'trash', 'gear', 'blessing', 'priestess', 'heal', 'poison', 'spy', 'stun', 'damage'], '2': ['bleed', 'gear', 'draw', 'damage', 'trash', 'priestess', 'spy', 'heal', 'poison', 'stun', 'blessing'], '3': ['gear', 'bleed', 'draw', 'heal', 'damage', 'trash', 'priestess', 'spy', 'stun', 'poison', 'blessing']}
[93m  Куплена карта: Priestess[0m
[93m  Blessing на ход: 4, потрачено: 2[0m
[93m  Доступные для покупки: [][0m
[93m[DEBUG] market.trade_row после refill: ['Reaper’s Scythe(5)', 'Gloves of Illusion(5)', 'Divine Blade(6)', 'Fortress Shield(5)', 'Open Wound(6)'][0m
[DEBUG-PRIO] zone_key: 3, effect_priority dict keys: ['1', '2', '3']
[DEBUG-PRIO] effect_priority_zone: ['gear', 'bleed', 'draw', 'heal', 'damage', 'trash', 'priestess', 'spy', 'stun', 'poison', 'blessing']
[DEBUG-PRIO] effect_priority_main: ['gear', 'bleed', 'draw', 'heal', 'damage', 'trash']
[DEBUG] [0] Reaper’s Scythe: эффекты=['r_chain', 'damage', 'def_n_text'], ищем в=['gear', 'bleed', 'draw', 'heal', 'damage', 'trash'], подходит=True
[DEBUG] [1] Gloves of Illusion: эффекты=['b_chain', 'spy', 'def_n_text'], ищем в=['gear', 'bleed', 'draw', 'heal', 'damage', 'trash'], подходит=False
[DEBUG] [2] Divine Blade: эффекты=['damage', 'draw', 'def_n_text'], ищем в=['gear', 'bleed', 'draw', 'heal', 'damage', 'trash'], подходит=True
[DEBUG] [3] Fortress Shield: эффекты=['w_chain', 'draw', 'def_y_text'], ищем в=['gear', 'bleed', 'draw', 'heal', 'damage', 'trash'], подходит=True
[DEBUG] [4] Open Wound: эффекты=['blessing', 'bleed', 'draw'], ищем в=['gear', 'bleed', 'draw', 'heal', 'damage', 'trash'], подходит=True
[DEBUG] filtered (после фильтрации): []
[DEBUG] effect_priority_zone: {'1': ['bleed', 'draw', 'trash', 'gear', 'blessing', 'priestess', 'heal', 'poison', 'spy', 'stun', 'damage'], '2': ['bleed', 'gear', 'draw', 'damage', 'trash', 'priestess', 'spy', 'heal', 'poison', 'stun', 'blessing'], '3': ['gear', 'bleed', 'draw', 'heal', 'damage', 'trash', 'priestess', 'spy', 'stun', 'poison', 'blessing']}
[93m  Куплена карта: Priestess[0m
[93m  Blessing на ход: 4, потрачено: 4[0m
[93m  Доступные для покупки: [][0m
[93m[DEBUG] market.trade_row после refill: ['Reaper’s Scythe(5)', 'Gloves of Illusion(5)', 'Divine Blade(6)', 'Fortress Shield(5)', 'Open Wound(6)'][0m
[DEBUG-PRIO] zone_key: 3, effect_priority dict keys: ['1', '2', '3']
[DEBUG-PRIO] effect_priority_zone: ['gear', 'bleed', 'draw', 'heal', 'damage', 'trash', 'priestess', 'spy', 'stun', 'poison', 'blessing']
[DEBUG-PRIO] effect_priority_main: ['gear', 'bleed', 'draw', 'heal', 'damage', 'trash']
[DEBUG] [0] Reaper’s Scythe: эффекты=['r_chain', 'damage', 'def_n_text'], ищем в=['gear', 'bleed', 'draw', 'heal', 'damage', 'trash'], подходит=True
[DEBUG] [1] Gloves of Illusion: эффекты=['b_chain', 'spy', 'def_n_text'], ищем в=['gear', 'bleed', 'draw', 'heal', 'damage', 'trash'], подходит=False
[DEBUG] [2] Divine Blade: эффекты=['damage', 'draw', 'def_n_text'], ищем в=['gear', 'bleed', 'draw', 'heal', 'damage', 'trash'], подходит=True
[DEBUG] [3] Fortress Shield: эффекты=['w_chain', 'draw', 'def_y_text'], ищем в=['gear', 'bleed', 'draw', 'heal', 'damage', 'trash'], подходит=True
[DEBUG] [4] Open Wound: эффекты=['blessing', 'bleed', 'draw'], ищем в=['gear', 'bleed', 'draw', 'heal', 'damage', 'trash'], подходит=True
[DEBUG] filtered (после фильтрации): []
[DEBUG] effect_priority_zone: {'1': ['bleed', 'draw', 'trash', 'gear', 'blessing', 'priestess', 'heal', 'poison', 'spy', 'stun', 'damage'], '2': ['bleed', 'gear', 'draw', 'damage', 'trash', 'priestess', 'spy', 'heal', 'poison', 'stun', 'blessing'], '3': ['gear', 'bleed', 'draw', 'heal', 'damage', 'trash', 'priestess', 'spy', 'stun', 'poison', 'blessing']}
[94m
=== Ход 14 (P2) ===[0m
